controller,seed,success,failure_mode,terminated,duration_s,final_tilt_deg,final_omega,max_alt_loss_m,t_flip_s,t_recovered_s,control_effort,revolution_deg,pitch_travel_deg,detector,success_section04,failure_mode_section04,ppo_track_revolution_deg,ppo_track_success_then_terminated
pid_hover,10000,False,never inverted,False,10.000000000000163,1.5029351709455052,0.6164057342220526,0.014781862200608299,,,0.13778151998890384,-1.2426003507561516,118.45983558844495,ppo_track,False,never inverted,-1.2269593181346112,False
pid_hover,10001,False,never inverted,False,10.000000000000163,0.14712353103061934,0.19728181182945484,0.01814960477136495,,,0.1282583253110607,0.1407150846711522,103.04636085729646,ppo_track,False,never inverted,0.1465428717181136,False
pid_hover,10002,False,never inverted,False,10.000000000000163,1.854560698587841,0.31666029503602755,0.007351641201457029,,,0.13177187525826634,1.799946943284685,109.98739265929403,ppo_track,False,never inverted,1.7674628210237615,False
pid_hover,10003,False,never inverted,False,10.000000000000163,1.2803161132481302,0.9040494158632999,0.018126114940329743,,,0.13566796982102297,1.2030362100835248,124.57451345373843,ppo_track,False,never inverted,1.1915077732008397,False
pid_hover,10004,False,never inverted,False,10.000000000000163,1.5247248620139962,0.39245124240880014,0.018119730793055535,,,0.12197503003117705,-0.48928740848576924,103.73642705063989,ppo_track,False,never inverted,-0.4924701040620912,False
pid_hover,10005,False,never inverted,False,10.000000000000163,1.822271175323848,0.2919088654866355,0.01287076259195779,,,0.14152021225725542,-1.7851048707464092,128.29278646881954,ppo_track,False,never inverted,-1.818678202838173,False
pid_hover,10006,False,never inverted,False,10.000000000000163,1.1261898849859786,0.46763359903347723,0.02235359587624442,,,0.1292241436867519,-1.1304408736536886,105.57690782182789,ppo_track,False,never inverted,-1.1261153728036157,False
pid_hover,10007,False,never inverted,False,10.000000000000163,1.1596955034711078,0.4474041248465248,0.022730543982085023,,,0.13302506356619737,0.9415524917344958,96.96665136701542,ppo_track,False,never inverted,0.9577399531418918,False
pid_hover,10008,False,never inverted,False,10.000000000000163,2.0477353830906835,0.14168754069091474,0.01798244352888558,,,0.13407891778496892,1.1591551612359132,115.12034196158774,ppo_track,False,never inverted,1.1337200060374388,False
pid_hover,10009,False,never inverted,False,10.000000000000163,1.2738500119999123,0.28873073261701887,0.020733628040539027,,,0.1272064092310438,1.1692916207208528,109.81784676876195,ppo_track,False,never inverted,1.174371548114158,False
pid_hover,10010,False,never inverted,False,10.000000000000163,0.7287387231790976,0.0798038847412438,0.008330408525867937,,,0.13658203224082197,-0.2614151800308594,119.54582782952193,ppo_track,False,never inverted,-0.2714904889390094,False
pid_hover,10011,False,never inverted,False,10.000000000000163,0.44792715078819656,0.15483733271603722,0.019659321300450828,,,0.13439698288233767,-0.08128990710848451,109.50131037072886,ppo_track,False,never inverted,-0.07700552936282908,False
pid_hover,10012,False,never inverted,False,10.000000000000163,1.635522168179695,0.07341917836922562,0.013552917035886182,,,0.13167494757360848,1.5093437540278138,104.24164116454287,ppo_track,False,never inverted,1.477985089757677,False
pid_hover,10013,False,never inverted,False,10.000000000000163,0.7960608932244893,0.43207680384540237,0.015070590339631252,,,0.12723219833517088,-0.775003522005489,116.26716106215935,ppo_track,False,never inverted,-0.759432726237268,False
pid_hover,10014,False,never inverted,False,10.000000000000163,0.8752433489280024,0.33100409272338,0.025547374247230997,,,0.13335940157554776,0.8113643841699612,107.7232365064754,ppo_track,False,never inverted,0.8207958238156337,False
pid_hover,10015,False,never inverted,False,10.000000000000163,1.1895462024383414,0.07784026596070695,0.026447965163904286,,,0.14259976790368736,-0.7382332109724469,121.18589155486664,ppo_track,False,never inverted,-0.7456843736990807,False
pid_hover,10016,False,never inverted,False,10.000000000000163,0.5584563620354317,0.3582100145351159,0.013202569069136218,,,0.13590705364214828,0.5673573273107542,119.01480906215201,ppo_track,False,never inverted,0.5532620369110893,False
pid_hover,10017,False,never inverted,False,10.000000000000163,1.5274177598110223,0.22924866439954641,0.012140646526189113,,,0.13382702117511883,1.0170617675875304,130.34714902046107,ppo_track,False,never inverted,1.0053371234431263,False
pid_hover,10018,False,never inverted,False,10.000000000000163,2.0236311864077283,0.2723304114040447,0.012613837091075091,,,0.13130561399708374,1.8339744571099692,122.77003821072807,ppo_track,False,never inverted,1.8244440580047716,False
pid_hover,10019,False,never inverted,False,10.000000000000163,1.6647566146952721,0.4104381952055879,0.016664052910115246,,,0.1239517297004953,-0.834761713833595,113.6877366485613,ppo_track,False,never inverted,-0.8428783306761427,False
pid_hover,10020,False,never inverted,False,10.000000000000163,1.373683607581341,0.2065201889345416,0.019343983753761354,,,0.1298391921853244,-1.27397020662987,123.96086049433605,ppo_track,False,never inverted,-1.2587694799366083,False
pid_hover,10021,False,never inverted,False,10.000000000000163,1.2580053463167713,0.06123772535157408,0.009034127315988445,,,0.1287876578618781,-0.12131053692475298,111.45126820112097,ppo_track,False,never inverted,-0.0547022653166187,False
pid_hover,10022,False,never inverted,False,10.000000000000163,1.4956629992989348,0.18308744350105088,0.01745940047527473,,,0.1302578850563096,1.0982648531018675,111.52945356800791,ppo_track,False,never inverted,1.0866419897902035,False
pid_hover,10023,False,never inverted,False,10.000000000000163,1.7409769030101623,0.11359584094725879,0.01503999682895678,,,0.13422791570713663,1.5286194983102195,124.50787293454897,ppo_track,False,never inverted,1.4962520103489119,False
pid_hover,10024,False,never inverted,False,10.000000000000163,1.1411392387269814,0.5004986921973079,0.02266313065843053,,,0.13650058169675602,-1.0229812429063052,122.11234926398556,ppo_track,False,never inverted,-1.0151626360320762,False
pid_hover,10025,False,never inverted,False,10.000000000000163,2.0201499338434172,0.18310056777169897,0.01535980534309507,,,0.12896574567444255,-0.6540288806916248,113.66218546521156,ppo_track,False,never inverted,-0.6730528533750244,False
pid_hover,10026,False,never inverted,False,10.000000000000163,2.216985282825585,0.5911094613435646,0.013671663173073254,,,0.14074869225537892,1.9079633751038272,113.04201217281818,ppo_track,False,never inverted,1.928349905232953,False
pid_hover,10027,False,never inverted,False,10.000000000000163,2.044260020055816,0.2765193472014349,0.014430337648681102,,,0.13571113330426912,-1.2866749713415013,117.73429767553714,ppo_track,False,never inverted,-1.283646160611102,False
pid_hover,10028,False,never inverted,False,10.000000000000163,1.9617249559368997,0.3496151228393388,0.017609149274424786,,,0.13247724415507486,1.3398522006751785,122.91633778226624,ppo_track,False,never inverted,1.3254573419145843,False
pid_hover,10029,False,never inverted,False,10.000000000000163,1.1030156990509412,0.4939934257850302,0.01540982560468253,,,0.12687772374533018,-1.0745694288335363,110.04257955583141,ppo_track,False,never inverted,-1.0828201705052767,False
pid_hover,10030,False,never inverted,False,10.000000000000163,3.2615005297044277,0.48327501884670865,0.012131535144075544,,,0.13396184171758993,1.0780247681133155,126.53024216271335,ppo_track,False,never inverted,1.0834772363504452,False
pid_hover,10031,False,never inverted,False,10.000000000000163,2.144813231767172,0.16453116190684464,0.01491483511714607,,,0.13416039275807246,-2.0465626817828575,126.42478976248351,ppo_track,False,never inverted,-2.0395234037055894,False
pid_hover,10032,False,never inverted,False,10.000000000000163,2.4102957605175,0.09762614082387669,0.02655000548516281,,,0.12399474583861783,-0.3922223911564749,96.66089453511464,ppo_track,False,never inverted,-0.4058782589133706,False
pid_hover,10033,False,never inverted,False,10.000000000000163,0.8497644113047065,0.33814031815030177,0.017191307102753323,,,0.13335897030251118,-0.15293445160937003,121.67706415353385,ppo_track,False,never inverted,-0.14377690513182953,False
pid_hover,10034,False,never inverted,False,10.000000000000163,0.6740749140379392,0.21336186360345624,0.01028791146075905,,,0.1268183255751723,0.10097632049582976,87.82489810573821,ppo_track,False,never inverted,0.1172854852136364,False
pid_hover,10035,False,never inverted,False,10.000000000000163,0.4809636900773592,0.5808603948890934,0.010132885437572646,,,0.1323431000744686,0.2915550011046624,108.47392104745443,ppo_track,False,never inverted,0.30334506988948495,False
pid_hover,10036,False,never inverted,False,10.000000000000163,2.344287635884224,0.46339688264259965,0.021364334889625046,,,0.13658058163618175,-1.2901587975276836,105.38126770205345,ppo_track,False,never inverted,-1.2867317669289278,False
pid_hover,10037,False,never inverted,False,10.000000000000163,0.7431811432894994,0.2816979644129811,0.01943286315435518,,,0.1331581778382686,-0.40932011783294986,125.05166655775764,ppo_track,False,never inverted,-0.4243018796980762,False
pid_hover,10038,False,never inverted,False,10.000000000000163,2.0500986012506024,0.1750747757305665,0.009776517224265521,,,0.12940845963109457,-0.1363793001854895,110.78676894722913,ppo_track,False,never inverted,-0.138636742843779,False
pid_hover,10039,False,never inverted,False,10.000000000000163,0.8290082116391817,0.39202817931765593,0.014794655501443993,,,0.12784667709263822,0.37429002174728737,103.90618878623268,ppo_track,False,never inverted,0.3093993066317261,False
pid_hover,10040,False,never inverted,False,10.000000000000163,1.3039208555683224,0.2945430759744616,0.01846985766723816,,,0.13161537885673077,1.2573263823466518,121.05103772476639,ppo_track,False,never inverted,1.2677934542615248,False
pid_hover,10041,False,never inverted,False,10.000000000000163,0.7406637348644728,0.3831763114121912,0.018105544280540693,,,0.1300028586273034,-0.09762861450037036,115.02901917302384,ppo_track,False,never inverted,-0.09402039684013522,False
pid_hover,10042,False,never inverted,False,10.000000000000163,0.9873545604978611,0.056358416766474226,0.015622205726858306,,,0.1330377011141305,-0.08915113569629855,107.81736080655611,ppo_track,False,never inverted,-0.08085205407526153,False
pid_hover,10043,False,never inverted,False,10.000000000000163,2.532116475657236,0.118398979875965,0.018671706696734014,,,0.13276413917835486,-0.9082406728595508,116.38147923631031,ppo_track,False,never inverted,-0.9484319733679692,False
pid_hover,10044,False,never inverted,False,10.000000000000163,2.3713378127943208,0.343282969604307,0.016224859647482166,,,0.13643050061702489,-1.4140261965176038,101.61662791783905,ppo_track,False,never inverted,-1.3780469918695641,False
pid_hover,10045,False,never inverted,False,10.000000000000163,1.7217570953646586,0.05399539168653633,0.01650910251654393,,,0.13245703887969987,-0.2511393843473832,115.95225378213208,ppo_track,False,never inverted,-0.2619658007716037,False
pid_hover,10046,False,never inverted,False,10.000000000000163,1.3378176628480676,0.2737063362696394,0.011744373059297875,,,0.13991829722441448,1.2493104560517352,124.01135656902984,ppo_track,False,never inverted,1.248798107180473,False
pid_hover,10047,False,never inverted,False,10.000000000000163,0.9856679307945178,0.11590575378236488,0.003922929002510998,,,0.12583200783170112,0.9425699783737941,115.38324575590359,ppo_track,False,never inverted,0.9587137177884878,False
pid_hover,10048,False,never inverted,False,10.000000000000163,1.562180134355786,0.25288558204921335,0.018538556054943124,,,0.13614000454140518,-1.5161295130665764,123.43626270995834,ppo_track,False,never inverted,-1.5245650242377013,False
pid_hover,10049,False,never inverted,False,10.000000000000163,1.4874419882385197,0.5237488769231565,0.017216678319569988,,,0.13003653011696845,-1.3485258548411025,102.83355618518785,ppo_track,False,never inverted,-1.3442520175551218,False
scripted_flip,10000,True,success,False,10.000000000000163,1.529883717869578,0.6418266902288624,0.0,1.3399999999999934,1.4199999999999835,2.1302372501414797,358.7597126823262,364.25916235092325,ppo_track,True,success,358.8330981075216,False
scripted_flip,10001,True,success,False,10.000000000000163,0.11400388909195881,0.184605944514344,0.006995187505536619,1.359999999999993,1.4599999999999826,2.163255457960297,359.85868271228003,356.58561025955726,ppo_track,True,success,359.95769269778623,False
scripted_flip,10002,True,success,False,10.000000000000163,1.8603598470283955,0.282841072620905,0.0,1.3199999999999938,1.5999999999999797,2.139456234223289,361.9064970599645,363.9421850320177,ppo_track,True,success,361.79403148200157,False
scripted_flip,10003,True,success,False,10.000000000000163,1.3907162502363246,0.906462876882555,0.0,1.2999999999999943,2.0599999999999703,2.1908475656341917,361.33133442663575,361.9288060189323,ppo_track,False,no final hold,361.2737058578822,False
scripted_flip,10004,True,success,False,10.000000000000163,1.6073947931631942,0.3686199581011286,0.0,1.2999999999999943,1.4799999999999822,2.1087473601275395,359.53619102482315,362.7027784884896,ppo_track,False,no final hold,359.5353568199858,False
scripted_flip,10005,True,success,False,10.000000000000163,1.772813325379086,0.277555130454831,0.0005010147383385693,1.3199999999999938,2.1999999999999673,2.2420678235322185,357.71160560622667,361.5023441920501,ppo_track,True,success,358.22793377806954,False
scripted_flip,10006,True,success,False,10.000000000000163,1.1754594988730105,0.4690887602426946,0.009037281029807675,1.3199999999999938,1.6199999999999792,2.1129249281315747,358.781440937599,359.7219010788359,ppo_track,True,success,358.8257702156706,False
scripted_flip,10007,True,success,False,10.000000000000163,1.0901957735755559,0.45753557122522254,0.0,1.3799999999999926,1.5199999999999814,2.121828994793553,361.14575601325424,359.3251832304094,ppo_track,True,success,360.9644718534655,False
scripted_flip,10008,True,success,False,10.000000000000163,1.9129734720406204,0.13355563958902064,0.0027444380410201136,1.2999999999999943,1.4799999999999822,2.177798904722394,361.00398168434015,362.7937298771853,ppo_track,True,success,361.0027379759231,False
scripted_flip,10009,True,success,False,10.000000000000163,1.1668635114209223,0.2589903211246544,0.009219910241459461,1.3399999999999934,1.6199999999999792,2.1388189987556676,361.0095088061942,361.8665380085473,ppo_track,True,success,361.048437878566,False
scripted_flip,10010,True,success,False,10.000000000000163,0.7909456554914226,0.10257269466612183,0.004419142863284885,1.3399999999999934,1.9199999999999733,2.2154659407548145,359.93938228061114,358.69133217590473,ppo_track,True,success,359.8141730299274,False
scripted_flip,10011,True,success,False,10.000000000000163,0.38857218971352087,0.165492457009446,0.00042781658288590705,1.359999999999993,1.699999999999978,2.181296345191968,359.84332678314973,357.7109139101965,ppo_track,True,success,359.90972051694087,False
scripted_flip,10012,True,success,False,10.000000000000163,1.625824659403841,0.08135946981249302,0.00037325082790913723,1.359999999999993,1.4799999999999822,2.145413255746672,361.43923027425467,364.5758362192611,ppo_track,True,success,361.45767594148396,False
scripted_flip,10013,True,success,False,10.000000000000163,0.7764368406145598,0.45268921062015,0.0001539276990332772,1.3199999999999938,1.4999999999999818,2.180309916249779,359.32047631257853,360.5383706074635,ppo_track,True,success,359.28537227618904,False
scripted_flip,10014,True,success,False,10.000000000000163,1.0335389517710039,0.33515094024502545,0.003602610616885516,1.2999999999999943,1.4999999999999818,2.141143914992306,360.86429966746056,365.17150077162535,ppo_track,True,success,360.91350142100697,False
scripted_flip,10015,True,success,False,10.000000000000163,1.0768560165888152,0.11337428239122474,5.3375796718982376e-05,1.3199999999999938,1.4599999999999826,2.1908917510309887,359.28779595961396,366.15035343554615,ppo_track,True,success,359.236287575374,False
scripted_flip,10016,True,success,False,10.000000000000163,0.5705201668566472,0.3682205350077514,0.0,1.2999999999999943,2.1399999999999686,2.2133257198879956,360.45513952715504,356.10308185404483,ppo_track,True,success,360.5703227476663,False
scripted_flip,10017,True,success,False,10.000000000000163,1.4205932928618445,0.22008013878506993,1.956436954098142e-06,1.2799999999999947,2.2799999999999656,2.170475347193981,360.9073079410027,363.70026745005964,ppo_track,True,success,360.954882694562,False
scripted_flip,10018,True,success,False,10.000000000000163,1.8703637352804867,0.27638586519812186,5.2454090721057034e-06,1.2799999999999947,2.1999999999999673,2.181430989849596,361.81790728437915,361.658813877972,ppo_track,True,success,361.6962131135033,False
scripted_flip,10019,True,success,False,10.000000000000163,1.7835052681094072,0.3991368542740134,0.0006739207745058337,1.3199999999999938,1.4999999999999818,2.1483068666816507,359.02722770546427,361.57175536606684,ppo_track,True,success,359.05752162061617,False
scripted_flip,10020,True,success,False,10.000000000000163,1.5412270164505015,0.22088608232733783,4.769180626918238e-05,1.3799999999999926,1.57999999999998,2.117140809452968,358.44533464541706,363.7161273956985,ppo_track,True,success,358.5375748928881,False
scripted_flip,10021,True,success,False,10.000000000000163,1.1216580050204743,0.12399702925132079,0.003949475019439703,1.359999999999993,1.4999999999999818,2.0792471448037673,360.0731767414713,361.2413737082182,ppo_track,True,success,360.04707044221857,False
scripted_flip,10022,True,success,False,10.000000000000163,1.371559818226422,0.22370432525938094,0.0015651808712061133,1.2999999999999943,1.4999999999999818,2.19057937496662,360.95454089767475,361.8972075246184,ppo_track,True,success,360.9841097826724,False
scripted_flip,10023,True,success,False,10.000000000000163,1.6507728975957847,0.1052430403782369,4.040618123921058e-06,1.3199999999999938,1.57999999999998,2.1446625235330243,361.4127420834953,357.9613177453648,ppo_track,True,success,361.3763038920542,False
scripted_flip,10024,True,success,False,10.000000000000163,1.198322275282402,0.5066748630612591,0.0,1.2999999999999943,2.1399999999999686,2.2139958673818536,359.007142028328,358.04095436327196,ppo_track,True,success,358.96902234025436,False
scripted_flip,10025,True,success,False,10.000000000000163,2.1522677015884297,0.17480712553734615,0.006789367198104405,1.359999999999993,1.5199999999999814,2.0882115173556586,359.10192079621896,364.5340079225019,ppo_track,True,success,359.1182299893773,False
scripted_flip,10026,True,success,False,10.000000000000163,2.2689540385785354,0.5739984473049048,0.0007760353583144541,1.2999999999999943,1.4599999999999826,2.1452028573274093,362.25124134635564,364.69841130468785,ppo_track,True,success,361.9803847625511,False
scripted_flip,10027,True,success,False,10.000000000000163,2.2508882361416207,0.27321106984427307,0.0,1.4199999999999917,1.57999999999998,2.1116318657186586,358.60975108666184,365.1278382721596,ppo_track,True,success,358.6114894401047,False
scripted_flip,10028,True,success,False,10.000000000000163,1.7351578342654927,0.3303612020127473,0.0047267740970508105,1.3399999999999934,1.6399999999999793,2.1527702786498515,361.05585808958915,361.03894455112464,ppo_track,True,success,361.0685941312671,False
scripted_flip,10029,True,success,False,10.000000000000163,1.0206799441342465,0.5278175757686829,0.00014144901994787902,1.3199999999999938,1.4799999999999822,2.174216689489736,358.94520934359764,365.01329667740544,ppo_track,True,success,358.98616674225036,False
scripted_flip,10030,True,success,False,10.000000000000163,3.178216899126933,0.4884274543680387,0.00013393177356995384,1.2999999999999943,1.6399999999999793,2.2167074648689353,360.9988761609832,355.8019677985877,ppo_track,True,success,361.11309487210053,False
scripted_flip,10031,True,success,False,10.000000000000163,2.1121303783691134,0.18481053350632576,0.007575014637087298,1.3199999999999938,1.4599999999999826,2.181995299813016,357.9286316922267,362.2056547730016,ppo_track,True,success,357.9559137882992,False
scripted_flip,10032,True,success,False,10.000000000000163,2.2546773898098116,0.09239930319177167,0.0,1.2999999999999943,1.4799999999999822,2.172310780550149,359.6329786087771,364.02618138394394,ppo_track,True,success,359.6795963776116,False
scripted_flip,10033,True,success,False,10.000000000000163,0.766476927128634,0.3453699198303726,0.0014461151601468203,1.359999999999993,1.8199999999999754,2.0710692565187334,359.8325156835505,362.7600429687795,ppo_track,True,success,359.81236328405953,False
scripted_flip,10034,True,success,False,10.000000000000163,0.5330558715259743,0.2236329081453774,0.0010419530001846923,1.2999999999999943,1.4599999999999826,2.162349257414878,359.89934569975463,356.94225872827985,ppo_track,True,success,359.9659018860543,False
scripted_flip,10035,True,success,False,10.000000000000163,0.48589553272504676,0.5866089362660223,0.0009856776804855823,1.3199999999999938,1.4599999999999826,2.180374748362929,360.255117500546,356.53452475064205,ppo_track,True,success,360.27959585651473,False
scripted_flip,10036,True,success,False,10.000000000000163,2.1550058380883503,0.4506696593844024,0.0,1.2799999999999947,1.4999999999999818,2.27394007344726,358.9416854818629,363.19654744066196,ppo_track,True,success,358.8859229591962,False
scripted_flip,10037,True,success,False,10.000000000000163,0.6557872950380527,0.3078575264221278,0.002028424617455135,1.3399999999999934,1.4199999999999835,2.138300101992202,359.5741901691742,361.961827108373,ppo_track,True,success,359.61181922180094,False
scripted_flip,10038,True,success,False,10.000000000000163,1.9018713687394706,0.17645240101434104,0.008880869824398197,1.3199999999999938,1.699999999999978,2.1857883408807606,359.8445778743052,359.5817221605523,ppo_track,True,success,360.0362515525902,False
scripted_flip,10039,True,success,False,10.000000000000163,0.9328693627684531,0.39177778814014697,0.0,1.2799999999999947,2.119999999999969,2.2216440751635265,360.4708524767725,376.6403472663038,ppo_track,True,success,360.4224258473639,False
scripted_flip,10040,True,success,False,10.000000000000163,1.2541583607074156,0.3120834115071922,0.007838902302622018,1.3199999999999938,1.5199999999999814,2.170283517155866,360.7143323380105,361.29590973653944,ppo_track,True,success,361.24281373401067,False
scripted_flip,10041,True,success,False,10.000000000000163,0.8069765632844272,0.3613213973117187,0.0020865726684180345,1.3199999999999938,1.4599999999999826,2.183030226461748,359.95137687043524,359.8754900666456,ppo_track,True,success,359.92827006641625,False
scripted_flip,10042,True,success,False,10.000000000000163,1.15830898768553,0.05116620968305791,0.003392225656967881,1.3399999999999934,1.4799999999999822,2.154238175768903,359.6408830098904,358.03547724778434,ppo_track,True,success,359.84556997867924,False
scripted_flip,10043,True,success,False,10.000000000000163,2.3853019741733625,0.16406568599523885,0.00913478898681811,1.2799999999999947,1.4999999999999818,2.28339113225978,359.26509029854253,363.3491670982295,ppo_track,True,success,359.21585918872705,False
scripted_flip,10044,True,success,False,10.000000000000163,2.4260916780779858,0.3516063649282968,0.0057836612980593375,1.3199999999999938,1.4599999999999826,2.148720817294827,358.6440128844083,357.9679432786305,ppo_track,True,success,358.6333716225507,False
scripted_flip,10045,True,success,False,10.000000000000163,1.6489549133788033,0.06492801174426657,0.0010062170012971998,1.3799999999999926,1.4199999999999835,2.1076900853509546,359.804978765303,363.3538380471641,ppo_track,True,success,359.84102148707694,False
scripted_flip,10046,True,success,False,10.000000000000163,1.3407552275157946,0.23034779395575158,0.0007162289791009537,1.3199999999999938,1.439999999999983,2.1091790408041233,361.16410844682076,368.8195047185712,ppo_track,True,success,361.2167959870852,False
scripted_flip,10047,True,success,False,10.000000000000163,0.9058099219680099,0.131235388807829,0.002477761626923152,1.359999999999993,1.4199999999999835,2.1100133792291205,360.9055663206006,365.62931495659166,ppo_track,True,success,360.8914342087063,False
scripted_flip,10048,True,success,False,10.000000000000163,1.5121865476853704,0.2137299356486941,0.0015787796598784672,1.4799999999999904,1.6199999999999792,2.1308610860358925,358.37358297825796,361.3446658817223,ppo_track,True,success,358.50124440714706,False
scripted_flip,10049,True,success,False,10.000000000000163,1.6519432474874494,0.507289763779295,0.00478762327888461,1.3199999999999938,1.699999999999978,2.1833838420150826,358.747190984439,363.63363596942713,ppo_track,True,success,358.5095906725482,False
three_phase_default,10000,True,success,False,10.000000000000163,2.756337686029807,0.4861535415714595,0.009029223625342551,0.6000000000000004,0.839999999999996,1.2224900043898927,359.08232157725047,352.6598024493775,ppo_track,True,success,359.1256321549783,False
three_phase_default,10001,True,success,False,10.000000000000163,0.38696777519410996,0.17469665826086275,0.01778498089609529,0.6000000000000004,0.8799999999999951,1.229842438881906,359.3449965197663,352.9505987472555,ppo_track,True,success,359.61304407537057,False
three_phase_default,10002,True,success,False,10.000000000000163,2.3270000208528794,0.41935413648741926,0.0004674303273452497,0.6000000000000004,0.8999999999999947,1.2428837047864982,362.17100893726194,352.78499437073737,ppo_track,True,success,362.1967934846991,False
three_phase_default,10003,True,success,False,10.000000000000163,1.4383539464918542,0.9055653918773929,0.0,0.6200000000000004,0.8199999999999964,1.2235665916728067,358.72583304599846,357.2139211206232,ppo_track,False,no final hold,358.7784675329435,False
three_phase_default,10004,True,success,False,10.000000000000163,1.6518366293069124,0.41736859522868225,0.010741209888117147,0.6200000000000004,0.8599999999999955,1.2300330826064128,358.27741180266406,355.4318924501504,ppo_track,True,success,358.3887358426664,False
three_phase_default,10005,True,success,False,10.000000000000163,2.6917615953660543,0.3658753372930596,0.008070249897615036,0.6000000000000004,0.7999999999999968,1.2204316699366227,357.9154839991581,351.4137041243428,ppo_track,True,success,357.9348813157087,False
three_phase_default,10006,True,success,False,10.000000000000163,3.010014528043367,0.34331674349418384,0.02165623769274653,0.6200000000000004,0.8999999999999947,1.2260014743474308,356.9944194243721,360.72208046884,ppo_track,True,success,357.0390064257537,False
three_phase_default,10007,True,success,False,10.000000000000163,3.083553612052741,0.42709747295401596,0.026082064144507384,0.6200000000000004,0.9599999999999934,1.240777424894692,360.97354329983517,357.73758038746,ppo_track,True,success,360.9581525020672,False
three_phase_default,10008,True,success,False,10.000000000000163,1.8944837228449574,0.33844803076075103,0.024076698608106756,0.6200000000000004,0.8599999999999955,1.2080559214727349,361.1852425217563,353.7550099253112,ppo_track,True,success,361.1464758840678,False
three_phase_default,10009,True,success,False,10.000000000000163,1.5536000283631328,0.2979999788306242,0.018406281083041594,0.6000000000000004,0.8999999999999947,1.1981560393426494,361.4892650594447,352.038193856885,ppo_track,True,success,361.5506324531355,False
three_phase_default,10010,True,success,False,10.000000000000163,1.089498067436119,0.09615932180487051,0.024484749025487345,0.6200000000000004,0.8199999999999964,1.2097079799264105,358.93843230680164,353.437797445084,ppo_track,False,no final hold,358.93102137658343,False
three_phase_default,10011,True,success,False,10.000000000000163,0.768799798518855,0.12454519197406057,0.009662592567640828,0.6200000000000004,0.8199999999999964,1.232384005801204,359.29211995269026,353.0635878682787,ppo_track,True,success,359.3550887197273,False
three_phase_default,10012,True,success,False,10.000000000000163,1.950476641989079,0.1805719606713333,0.0039158156597860665,0.6200000000000004,1.2199999999999878,1.2190374158579316,362.0847816928168,361.2885410500642,ppo_track,True,success,361.9490768230429,False
three_phase_default,10013,True,success,False,10.000000000000163,2.1133084965537368,0.3033245246225203,0.02506281481945836,0.6000000000000004,0.8999999999999947,1.2289272867174121,360.2974724240693,355.25674808273516,ppo_track,True,success,360.4297124936475,False
three_phase_default,10014,True,success,False,10.000000000000163,1.3702885829782732,0.3347779810404617,0.02584793214292967,0.6200000000000004,1.0399999999999916,1.2121978074015358,360.7237852956148,356.58113269808325,ppo_track,True,success,360.87266716621315,False
three_phase_default,10015,True,success,False,10.000000000000163,2.2727116053220184,0.13726753166075992,0.0,0.6200000000000004,0.839999999999996,1.21114796187058,358.39768992305255,352.81158913792586,ppo_track,True,success,358.4304496302717,False
three_phase_default,10016,True,success,False,10.000000000000163,1.703711609141482,0.2758420447473475,0.011840271150628884,0.6200000000000004,0.839999999999996,1.2069015075476093,361.4049821711414,354.01708974415607,ppo_track,True,success,361.40347315267945,False
three_phase_default,10017,True,success,False,10.000000000000163,2.359201422881481,0.06646007434431919,0.013524888362473939,0.6200000000000004,0.8999999999999947,1.2133311403850322,361.7706162446796,353.7835953436216,ppo_track,True,success,361.7719045781294,False
three_phase_default,10018,True,success,False,10.000000000000163,3.467424462152639,0.2370588012344518,0.0031947177921034845,0.6200000000000004,0.979999999999993,1.226015046212848,363.43170968260335,358.84980037059665,ppo_track,True,success,363.44601287946574,False
three_phase_default,10019,True,success,False,10.000000000000163,1.6575736368215799,0.30519921357680796,0.02390220815001291,0.6200000000000004,1.1399999999999895,1.2528302021297872,359.8372084628713,354.2724198363362,ppo_track,True,success,360.00729200894943,False
three_phase_default,10020,True,success,False,10.000000000000163,0.4392338824097634,0.2127683813880656,0.023581024531319446,0.6000000000000004,0.9599999999999934,1.2348968742466093,359.94579318073164,353.02453564925,ppo_track,True,success,360.109965560328,False
three_phase_default,10021,True,success,False,10.000000000000163,1.7167413027121614,0.14178157396657762,0.0,0.6000000000000004,0.8799999999999951,1.1846524155399585,359.17494516032724,352.4644023964329,ppo_track,True,success,359.2918453475937,False
three_phase_default,10022,True,success,False,10.000000000000163,2.081464893832668,0.16771414622150388,0.01008725277526405,0.6200000000000004,0.9199999999999943,1.1721420379698417,361.67856676345264,352.3130316428209,ppo_track,True,success,361.70607659618713,False
three_phase_default,10023,True,success,False,10.000000000000163,2.3662001953667917,0.06388312969817207,0.02865739338435953,0.6200000000000004,0.839999999999996,1.2279038808622382,361.4925815526201,353.5442194598105,ppo_track,True,success,361.4779159350358,False
three_phase_default,10024,True,success,False,10.000000000000163,1.9471339600893696,0.6757710717988135,0.05261804207165604,0.6000000000000004,0.8999999999999947,1.246136230141324,361.91606488408996,351.78628216004665,ppo_track,True,success,361.93345528704333,False
three_phase_default,10025,True,success,False,10.000000000000163,2.7173579922486177,0.15809204926145895,0.0024305087918603746,0.6200000000000004,0.8999999999999947,1.1983355442977877,357.7544188157078,352.93450048994674,ppo_track,True,success,357.7454952629141,False
three_phase_default,10026,True,success,False,10.000000000000163,2.4247322687954744,0.5863792216665925,0.025277329224984473,0.6200000000000004,1.159999999999989,1.2381403411724592,361.47091189370406,353.0386756065956,ppo_track,True,success,361.5443235415521,False
three_phase_default,10027,True,success,False,10.000000000000163,3.39275706056325,0.16796908990366305,0.024622544885852367,0.6200000000000004,0.8599999999999955,1.2576424220912144,358.3673653546379,354.18288594648027,ppo_track,True,success,358.38509984364424,False
three_phase_default,10028,True,success,False,10.000000000000163,3.872766783691699,0.21968343721693134,0.03413388309762664,0.6200000000000004,0.9399999999999938,1.1902664140254005,363.6972191135199,356.227398870755,ppo_track,True,success,363.63966365689447,False
three_phase_default,10029,True,success,False,10.000000000000163,3.3142323693796167,0.5339261181378693,0.016669657462010885,0.6200000000000004,0.8599999999999955,1.2084563274626292,358.493922247357,352.8693159285119,ppo_track,True,success,358.5004904000309,False
three_phase_default,10030,True,success,False,10.000000000000163,3.663557784327855,0.14599344556812655,0.03192520227900638,0.6200000000000004,0.8799999999999951,1.259179308046722,361.15791764351485,356.5091394987401,ppo_track,True,success,361.23331414807063,False
three_phase_default,10031,True,success,False,10.000000000000163,2.9353360139987816,0.2913064148596017,0.019588488598197003,0.6200000000000004,0.979999999999993,1.226919188460592,357.3692191447021,361.3557589835654,ppo_track,True,success,357.38102290745616,False
three_phase_default,10032,True,success,False,10.000000000000163,2.1985294563959226,0.30166919039506757,0.03704536626299174,0.6200000000000004,0.8799999999999951,1.220408979268076,359.0340858420364,355.7890549970862,ppo_track,True,success,359.1505060458688,False
three_phase_default,10033,True,success,False,10.000000000000163,0.9693308133201632,0.2731761852704869,0.0068746009249426926,0.6200000000000004,0.8799999999999951,1.197220027675514,360.7514879750641,351.98417493246956,ppo_track,True,success,360.7361616728888,False
three_phase_default,10034,True,success,False,10.000000000000163,1.279827101625461,0.15040963053285125,0.0012857058969822789,0.6200000000000004,0.8799999999999951,1.2031650019690892,359.19855831349173,352.82592960132087,ppo_track,True,success,359.18760041409445,False
three_phase_default,10035,True,success,False,10.000000000000163,1.3943731999456443,0.4531940718693783,0.0,0.6200000000000004,0.9399999999999938,1.2181720976099242,360.5759219937681,353.8536886541135,ppo_track,True,success,360.5330732376193,False
three_phase_default,10036,True,success,False,10.000000000000163,2.880202186378375,0.4052197017042252,0.0011830626930516286,0.6200000000000004,0.8599999999999955,1.2264984226588185,358.6994349600209,353.371095726375,ppo_track,True,success,358.714223777621,False
three_phase_default,10037,True,success,False,10.000000000000163,1.9273340008135436,0.331280807002145,0.012602115465659503,0.6200000000000004,0.9199999999999943,1.2238847397895827,358.2958950683973,352.8826968788518,ppo_track,True,success,358.32125554165805,False
three_phase_default,10038,True,success,False,10.000000000000163,1.191744516228591,0.4487064421263938,0.0,0.6200000000000004,1.0799999999999907,1.1974505672156734,360.0846052573238,361.19316664309173,ppo_track,True,success,360.02356887946166,False
three_phase_default,10039,True,success,False,10.000000000000163,2.149654008605765,0.2553032325372959,0.0,0.6000000000000004,0.7799999999999973,1.2090564521182154,359.8395993010546,352.9900607296971,ppo_track,True,success,359.8056888208442,False
three_phase_default,10040,True,success,False,10.000000000000163,3.042261174282778,0.20053896446552316,0.01761365662802375,0.6200000000000004,1.0999999999999903,1.2004419250760812,363.00085141395067,360.2158389344276,ppo_track,True,success,363.031555305965,False
three_phase_default,10041,True,success,False,10.000000000000163,1.656687118247884,0.345629105721897,0.01637887096986506,0.6200000000000004,1.019999999999992,1.2037793871889648,361.55509842373255,352.7620743396706,ppo_track,True,success,361.6455950184615,False
three_phase_default,10042,True,success,False,10.000000000000163,2.557559380745706,0.13607247759047938,0.037252472226914184,0.6200000000000004,0.9199999999999943,1.2061670971670186,361.38242786734065,352.3743880145009,ppo_track,True,success,361.34713722806515,False
three_phase_default,10043,True,success,False,10.000000000000163,3.007077082443328,0.38910963319481545,0.0,0.6200000000000004,0.839999999999996,1.2349922178490476,358.4642363088101,352.767614254904,ppo_track,True,success,358.4354441321708,False
three_phase_default,10044,True,success,False,10.000000000000163,5.511241798436241,0.17483539771362347,0.022882035124752013,0.6200000000000004,1.2399999999999873,1.205082195523727,357.48035905575927,353.0944105974832,ppo_track,False,no final hold,357.63443350913485,False
three_phase_default,10045,True,success,False,10.000000000000163,0.8708697998418989,0.22523825482919915,0.014741173871004608,0.6000000000000004,1.2799999999999865,1.2094315931850887,359.2113156913984,352.1708962602068,ppo_track,True,success,359.2136568884306,False
three_phase_default,10046,True,success,False,10.000000000000163,3.1732277235895756,0.25814768817439243,0.017400445445244033,0.6000000000000004,1.0799999999999907,1.196720335592754,362.9782121369809,352.31802549087604,ppo_track,True,success,363.15433729088494,False
three_phase_default,10047,True,success,False,10.000000000000163,1.8213292148438949,0.1346996173466363,0.001922381494935317,0.6200000000000004,0.8999999999999947,1.1863410836780506,361.4211622902273,354.4097526949804,ppo_track,True,success,361.7926916794039,False
three_phase_default,10048,True,success,False,10.000000000000163,1.698820740488351,0.33385236107026806,0.00633938064212628,0.6200000000000004,0.9999999999999926,1.2345240329168303,358.31312677827566,362.2264126185909,ppo_track,True,success,358.31371598334056,False
three_phase_default,10049,True,success,False,10.000000000000163,3.3578577410375168,0.39486462095477404,0.012257526453606216,0.6200000000000004,1.0399999999999916,1.2328203868790457,356.6034354035887,360.88839762526953,ppo_track,True,success,356.75488048768693,False
map_elites_final,10000,True,success,False,10.000000000000163,1.9006423589512207,0.4313995979738862,0.0037371502429371347,1.5199999999999896,2.499999999999961,0.7893572896586799,358.89848073760203,363.13924843092974,ppo_track,True,success,359.0896558204505,False
map_elites_final,10001,True,success,False,10.000000000000163,0.2499464440664765,0.11238497260420345,0.018583884076546774,1.5199999999999896,2.959999999999951,0.7926422755044555,359.9545810694498,357.53033000998903,ppo_track,True,success,360.2313835874384,False
map_elites_final,10002,True,success,False,10.000000000000163,2.024383009250088,0.3946958868785731,0.0,1.5199999999999896,2.8999999999999524,0.8208670242077023,362.0237257884789,359.11825295030087,ppo_track,True,success,361.9167904953307,False
map_elites_final,10003,True,success,False,10.000000000000163,0.42011095708840906,0.6715734719716228,0.0,1.5199999999999896,2.8399999999999537,0.8128153748554487,359.90402219848255,364.3438990203111,ppo_track,False,no final hold,359.84398313894513,False
map_elites_final,10004,True,success,False,10.000000000000163,0.9047683304136074,0.40841141276445275,0.004504549715469108,1.5199999999999896,2.779999999999955,0.7998550078753833,359.12064230897073,366.09582459647555,ppo_track,True,success,359.1075763221896,False
map_elites_final,10005,True,success,False,10.000000000000163,1.8096680464020043,0.25719505906143,0.0,1.49999999999999,2.739999999999956,0.7940125617088536,358.294788000497,356.8988271613239,ppo_track,True,success,358.3643775846054,False
map_elites_final,10006,True,success,False,10.000000000000163,1.6632361187657387,0.40192925090721815,0.031025486851935322,1.5199999999999896,2.639999999999958,0.8157176810637049,358.41496684627595,363.1610157599594,ppo_track,True,success,358.35512822367593,False
map_elites_final,10007,True,success,False,10.000000000000163,1.6168229603501167,0.37642923666972,0.03656528326502697,1.5199999999999896,2.7199999999999562,0.785838854815976,360.18719001594894,362.563206980769,ppo_track,True,success,360.1685747532958,False
map_elites_final,10008,True,success,False,10.000000000000163,1.1126780487910355,0.23110864439119216,0.029504033255682932,1.5199999999999896,2.2799999999999656,0.8295206791375879,360.5537545093855,359.95935940171177,ppo_track,True,success,360.4807614159828,False
map_elites_final,10009,True,success,False,10.000000000000163,1.748209831783668,0.26972108886120866,0.029403018794666252,1.5199999999999896,2.7599999999999554,0.7910813747366079,361.77137372794806,357.20149683042365,ppo_track,True,success,361.7356773199099,False
map_elites_final,10010,True,success,False,10.000000000000163,1.0773320191378442,0.17320260596385229,0.025804856304557085,1.5199999999999896,2.879999999999953,0.8048437979506933,359.0142591906389,357.630886338006,ppo_track,True,success,358.94015489532916,False
map_elites_final,10011,True,success,False,10.000000000000163,1.34914720088909,0.05928859252538785,0.003809746397369987,1.5199999999999896,2.499999999999961,0.8047129233733654,358.8036601263651,360.5272713015756,ppo_track,True,success,358.74980920379994,False
map_elites_final,10012,True,success,False,10.000000000000163,1.4972498657054378,0.09433635355525373,0.0,1.5199999999999896,2.8999999999999524,0.8123702772251845,361.38629065121864,367.42997563785394,ppo_track,True,success,361.49278421860436,False
map_elites_final,10013,True,success,False,10.000000000000163,1.914093458996694,0.3820902058082856,0.033028920479342284,1.49999999999999,2.8599999999999532,0.840609340069651,360.56776873327726,357.82984839751157,ppo_track,True,success,360.4182909490827,False
map_elites_final,10014,True,success,False,10.000000000000163,1.4617829541437672,0.3141167837258981,0.02890386108130803,1.5199999999999896,2.959999999999951,0.7983118503967297,361.14633131099134,364.35748109957837,ppo_track,True,success,361.37690194735677,False
map_elites_final,10015,True,success,False,10.000000000000163,1.7411433122297064,0.16782593178101654,0.0,1.5199999999999896,2.53999999999996,0.8039921484044583,358.68095537975967,361.6573655268873,ppo_track,True,success,358.6764718662176,False
map_elites_final,10016,True,success,False,10.000000000000163,1.7826480347998779,0.32020532823590236,0.009092487840468087,1.5199999999999896,2.3799999999999635,0.8008549505873288,361.40887924661627,357.57470253168367,ppo_track,True,success,361.404597601745,False
map_elites_final,10017,True,success,False,10.000000000000163,1.8282470236470107,0.17563957762425556,0.01255163255134591,1.5199999999999896,2.359999999999964,0.8003492103242447,361.28631420582434,361.23347575593885,ppo_track,True,success,361.32851303651,False
map_elites_final,10018,True,success,False,10.000000000000163,2.903240344431416,0.1774709991339505,0.0035503430432650717,1.5199999999999896,2.8999999999999524,0.79870159878605,362.7215789590538,365.5675696275271,ppo_track,True,success,362.66540912586026,False
map_elites_final,10019,True,success,False,10.000000000000163,1.653626814766186,0.3393942268471921,0.03169010638015739,1.5199999999999896,3.1399999999999473,0.8007844897690959,360.69883055931086,366.33519466660584,ppo_track,True,success,360.73848888233334,False
map_elites_final,10020,True,success,False,10.000000000000163,0.3955639574539519,0.09889862276863906,0.03377571837202099,1.5199999999999896,2.639999999999958,0.7978045854980118,360.20190200580015,357.3395972209583,ppo_track,True,success,360.2349698640056,False
map_elites_final,10021,True,success,False,10.000000000000163,1.5674099321329404,0.13568442933653982,0.0,1.5199999999999896,3.0399999999999494,0.8073310336425283,359.4177289983836,357.275511827717,ppo_track,True,success,359.22960231103576,False
map_elites_final,10022,True,success,False,10.000000000000163,1.65224819668037,0.12956640114038068,0.0019375605350135361,1.5199999999999896,2.7999999999999545,0.8049300554350907,361.2290912485793,361.71580963146766,ppo_track,True,success,361.1807076485647,False
map_elites_final,10023,True,success,False,10.000000000000163,2.070230014083024,0.05670368609520106,0.03249935868144302,1.5199999999999896,2.4199999999999626,0.8499131051416814,361.78046319195875,361.1380738205748,ppo_track,True,success,361.8040866793196,False
map_elites_final,10024,True,success,False,10.000000000000163,1.442755667820196,0.47452098523107716,0.06717591984791092,1.49999999999999,2.9999999999999503,0.8034667069104254,361.26971780209317,354.14974469051657,ppo_track,True,success,361.35881535188173,False
map_elites_final,10025,True,success,False,10.000000000000163,2.022709362838464,0.06401271186664052,0.0,1.5199999999999896,2.8399999999999537,0.8312085739935463,358.5919315027936,362.5580354905321,ppo_track,True,success,358.61106747152076,False
map_elites_final,10026,True,success,False,10.000000000000163,1.8259320039275213,0.43635266658393607,0.03013966389028463,1.5199999999999896,2.53999999999996,0.7966686234272533,361.10661617926945,360.21907756518493,ppo_track,True,success,361.12593638791583,False
map_elites_final,10027,True,success,False,10.000000000000163,3.0754935776120864,0.2245588619882621,0.029009531253313615,1.5199999999999896,2.299999999999965,0.8584830396115718,358.40163895052274,363.79686659111087,ppo_track,True,success,358.4249053057602,False
map_elites_final,10028,True,success,False,10.000000000000163,3.299472833365826,0.21073008653921255,0.05049736069708476,1.5199999999999896,2.359999999999964,0.8097971278757036,362.8675817402245,362.0800769588489,ppo_track,True,success,362.83543561017126,False
map_elites_final,10029,True,success,False,10.000000000000163,2.2498737244307985,0.48068859493430083,0.012011302211833629,1.5199999999999896,2.3199999999999648,0.797679878649789,358.5937577659609,359.3817409854616,ppo_track,True,success,358.6885536127864,False
map_elites_final,10030,True,success,False,10.000000000000163,3.364415872387242,0.3313289258323118,0.046275194997037,1.5199999999999896,2.399999999999963,0.7959403492097741,360.6245603698714,358.3847019206453,ppo_track,True,success,360.6608468306674,False
map_elites_final,10031,True,success,False,10.000000000000163,2.708637734879293,0.21927865060075574,0.023705675526208267,1.5199999999999896,2.4799999999999613,0.754980378677465,357.3502075575111,360.1297056735227,ppo_track,True,success,357.38785142903697,False
map_elites_final,10032,True,success,False,10.000000000000163,2.199823056707245,0.1347845539248824,0.04473594600587355,1.5199999999999896,2.919999999999952,0.808959042098869,358.6298678206653,362.74910465260484,ppo_track,True,success,358.76375471587295,False
map_elites_final,10033,True,success,False,10.000000000000163,0.895949988551909,0.22828238946063817,0.0008573539809479232,1.5199999999999896,2.4599999999999618,0.8055463732073075,359.74126118469877,363.4777182751669,ppo_track,True,success,359.9176265751725,False
map_elites_final,10034,True,success,False,10.000000000000163,0.5420117192660928,0.16451438805536014,0.0,1.5199999999999896,2.3399999999999643,0.8172697254895678,359.58894836717667,361.0017385414416,ppo_track,True,success,359.58320868009275,False
map_elites_final,10035,True,success,False,10.000000000000163,1.6500079781981418,0.4932353579430398,0.0,1.5199999999999896,2.6199999999999584,0.8005254683604845,361.2398133697766,361.20698463868905,ppo_track,True,success,361.27012067828036,False
map_elites_final,10036,True,success,False,10.000000000000163,2.6760469418173494,0.3412722925228966,0.0,1.5199999999999896,2.879999999999953,0.8043002803380973,359.0620948925087,362.27381790647553,ppo_track,True,success,359.04081442868426,False
map_elites_final,10037,True,success,False,10.000000000000163,1.145168161800533,0.3077720766258558,0.013237642062173842,1.5199999999999896,2.53999999999996,0.8307602130799222,359.1659048917544,359.29474675673254,ppo_track,True,success,359.08934469654764,False
map_elites_final,10038,True,success,False,10.000000000000163,1.1017910131090556,0.2910441001493209,0.0,1.5199999999999896,2.7199999999999562,0.8147856424003184,360.12152296417713,359.27495183554964,ppo_track,True,success,360.06025345292414,False
map_elites_final,10039,True,success,False,10.000000000000163,0.8911238857984679,0.2085193385172066,0.0,1.5199999999999896,2.6199999999999584,0.8059857772797931,359.77411805837886,366.3938209709287,ppo_track,True,success,359.6355085345318,False
map_elites_final,10040,True,success,False,10.000000000000163,1.7902817173328396,0.26526479931265523,0.013387422351150412,1.5199999999999896,2.6199999999999584,0.80565648552227,361.78964159210824,362.754410823708,ppo_track,True,success,361.7557711884984,False
map_elites_final,10041,True,success,False,10.000000000000163,1.4176439053298115,0.3693465118299547,0.01843395775528252,1.5199999999999896,2.879999999999953,0.8126330723863686,361.4497483289624,357.3276402810194,ppo_track,True,success,361.3702347726073,False
map_elites_final,10042,True,success,False,10.000000000000163,1.5663622161990947,0.1818714202607594,0.053043062435721926,1.5199999999999896,2.3399999999999643,0.8111935874938258,360.41640982096857,358.3351450180451,ppo_track,True,success,360.38590352211764,False
map_elites_final,10043,True,success,False,10.000000000000163,2.1608214596648145,0.27529056396234025,0.0,1.49999999999999,2.3799999999999635,0.8193181428539802,359.6927800938549,358.9768728230353,ppo_track,True,success,359.67418588441575,False
map_elites_final,10044,True,success,False,10.000000000000163,4.141404975003163,0.1011732691801977,0.022312678978374287,1.5199999999999896,2.259999999999966,0.7957073204952438,358.08974584462,358.44138915876187,ppo_track,True,success,358.07233633640055,False
map_elites_final,10045,True,success,False,10.000000000000163,1.233387444347236,0.11525858118437798,0.014568615829464697,1.5199999999999896,2.7599999999999554,0.8027223134507538,360.0188099172841,364.27593016615083,ppo_track,True,success,359.9391994879434,False
map_elites_final,10046,True,success,False,10.000000000000163,2.3231527674740504,0.21052437689764472,0.01858584449612392,1.5199999999999896,2.7999999999999545,0.8277779039944195,362.3827913462329,362.71284771912923,ppo_track,True,success,362.31837465573614,False
map_elites_final,10047,True,success,False,10.000000000000163,1.2462887325997207,0.22073380044822666,0.0,1.5199999999999896,2.6199999999999584,0.78905496734904,361.17944750482616,364.9566532621598,ppo_track,True,success,361.2462839696729,False
map_elites_final,10048,True,success,False,10.000000000000163,1.526221267884843,0.2572105229812695,0.0004772656504478804,1.5199999999999896,2.6199999999999584,0.7991291327259983,358.52097808943626,362.60811648076094,ppo_track,True,success,358.5015496011432,False
map_elites_final,10049,True,success,False,10.000000000000163,2.5223609441499995,0.4221166384953635,0.013419359197605661,1.5199999999999896,2.6599999999999575,0.800422478502874,357.6977099746095,362.9656827034992,ppo_track,True,success,357.6650620806656,False
bc_only,10000,True,success,False,10.000000000000163,1.4537804262309206,0.5898800356343387,0.07055006454716652,0.6800000000000005,3.4599999999999405,2.7369717223775676,358.47717544655444,363.67481749995534,ppo_track,False,over-rotation,358.55116066815646,False
bc_only,10001,True,success,False,10.000000000000163,0.6280858837307093,0.14974975627071813,0.08518516910639905,0.6800000000000005,3.439999999999941,2.6804465549268617,360.6248556022383,363.27741414357996,ppo_track,False,over-rotation,360.45556748560807,False
bc_only,10002,True,success,False,10.000000000000163,0.9752494492257491,0.2337641698992567,0.06643046362408511,0.6800000000000005,3.4599999999999405,2.689197994494689,360.82502508370976,372.57311550579345,ppo_track,False,over-rotation,360.5136151535731,False
bc_only,10003,True,success,False,10.000000000000163,2.5186610895657977,0.7365477134162296,0.06690486954806299,0.6800000000000005,3.519999999999939,2.7405544644501427,362.37796089239583,359.2558413801657,ppo_track,False,over-rotation,362.5180696034786,False
bc_only,10004,True,success,False,10.000000000000163,1.4924228159867126,0.3792013708805693,0.06748883090797908,0.6600000000000005,3.439999999999941,2.7450197524457267,359.6577180691019,359.977470412292,ppo_track,False,over-rotation,359.6088762376743,False
bc_only,10005,True,success,False,10.000000000000163,1.7713428934597486,0.23446520722417605,0.0638064544548379,0.6800000000000005,3.4599999999999405,2.736651246572302,358.991378328244,367.0114960574064,ppo_track,False,over-rotation,358.2298349891958,False
bc_only,10006,True,success,False,10.000000000000163,0.8827477516187463,0.5023532989512419,0.08360221017672985,0.6800000000000005,3.47999999999994,2.701202091032062,359.30368709466035,361.3573462018456,ppo_track,False,over-rotation,359.27164965003016,False
bc_only,10007,True,success,False,10.000000000000163,0.8945495633950874,0.37618197456425706,0.09456814525624549,0.6600000000000005,3.47999999999994,2.659354013994133,360.7181494838987,361.66538376743955,ppo_track,False,over-rotation,360.79417839064547,False
bc_only,10008,True,success,False,10.000000000000163,1.3207533804881704,0.14544997904348084,0.0834483482256521,0.6800000000000005,3.519999999999939,2.687110937397388,360.6374943499387,362.3474346711536,ppo_track,False,over-rotation,360.50345124296945,False
bc_only,10009,True,success,False,10.000000000000163,0.5809997660915062,0.24633371509586033,0.08401928900372797,0.6800000000000005,3.439999999999941,2.702128180410222,360.10155552866604,363.9027523329582,ppo_track,False,over-rotation,360.40773035528855,False
bc_only,10010,True,success,False,10.000000000000163,0.8261636608678025,0.30723278129796633,0.08597515786104218,0.6800000000000005,3.439999999999941,2.7070823408076796,360.4772074766447,362.5247542755036,ppo_track,False,over-rotation,360.3955557060339,False
bc_only,10011,True,success,False,10.000000000000163,0.8600964150783411,0.18312149849599893,0.0681000609574649,0.6600000000000005,3.4199999999999413,2.7338298874707125,359.1427908498279,367.28292894590794,ppo_track,False,over-rotation,359.21852058635017,False
bc_only,10012,True,success,False,10.000000000000163,0.8795749861070068,0.1161396038688186,0.055572265733833705,0.6800000000000005,3.47999999999994,2.6433424615403838,361.19542191104694,359.3294070507646,ppo_track,False,over-rotation,360.87112033202555,False
bc_only,10013,True,success,False,10.000000000000163,1.2859974376704584,0.6095567641285873,0.09132552624150751,0.6600000000000005,3.3999999999999417,2.686526071149698,358.95086628812004,358.06951467513903,ppo_track,False,over-rotation,358.81334402953826,False
bc_only,10014,True,success,False,10.000000000000163,1.0490399911560155,0.318613727294374,0.08365707979025566,0.6800000000000005,3.7799999999999336,2.7113326213894604,360.92816829694834,365.0322586538231,ppo_track,False,over-rotation,360.87278262849924,False
bc_only,10015,True,success,False,10.000000000000163,1.2351279878590564,0.20092515963599347,0.05269763145169797,0.6800000000000005,3.3999999999999417,2.7863590236254687,358.8916853603506,369.7420758386481,ppo_track,False,over-rotation,359.1087456383932,False
bc_only,10016,True,success,False,10.000000000000163,0.21618213859492846,0.3312506665640026,0.0805213685519574,0.6600000000000005,3.3599999999999426,2.742941477682351,360.0727001066511,362.674691354642,ppo_track,False,over-rotation,360.03290318223844,False
bc_only,10017,True,success,False,10.000000000000163,1.134521612251481,0.3351220653091573,0.08750052669707503,0.6800000000000005,3.5399999999999388,2.726473367191255,360.5910880756662,365.569706105431,ppo_track,False,over-rotation,360.5695003367721,False
bc_only,10018,True,success,False,10.000000000000163,2.3596070882391613,0.27840816253773754,0.07450676194229572,0.6600000000000005,3.719999999999935,2.6954635174404076,361.93876378237536,360.7740475213066,ppo_track,False,over-rotation,362.02213859907755,False
bc_only,10019,True,success,False,10.000000000000163,1.3855506398033473,0.4790958612118121,0.08568429751180044,0.6800000000000005,3.339999999999943,2.678916237856411,359.73960961460483,366.5080343070422,ppo_track,False,over-rotation,359.4129108365886,False
bc_only,10020,True,success,False,10.000000000000163,0.9982135829517534,0.3155285091454467,0.08215378164326743,0.6600000000000005,3.6399999999999366,2.7358875506242635,359.24117529306346,364.222925338889,ppo_track,False,over-rotation,359.07400055322483,False
bc_only,10021,True,success,False,10.000000000000163,0.736460064038427,0.2279594063566079,0.07317633877484775,0.6800000000000005,3.4599999999999405,2.7176433513965756,359.8261867865633,371.2409814574968,ppo_track,False,over-rotation,359.37164927953614,False
bc_only,10022,True,success,False,10.000000000000163,1.1455770118087243,0.19516529602585683,0.07014090564213253,0.6800000000000005,3.379999999999942,2.725600980093364,360.57749374900186,369.401820048009,ppo_track,False,over-rotation,360.5011060906884,False
bc_only,10023,True,success,False,10.000000000000163,1.7003277773022556,0.18938272375069684,0.08502313815738874,0.6800000000000005,3.9399999999999302,2.6920982991024487,361.5032741757217,365.0459019487513,ppo_track,False,over-rotation,361.43822326665236,False
bc_only,10024,True,success,False,10.000000000000163,1.6952318083224172,0.3487306209387097,0.12645582774851458,0.6600000000000005,3.4199999999999413,2.804404903475028,359.6144404350547,365.4362423575923,ppo_track,False,over-rotation,359.83683819563026,False
bc_only,10025,True,success,False,10.000000000000163,1.7603536451580835,0.2652089117928628,0.060205160674979226,0.6800000000000005,3.4999999999999396,2.7033259275873203,359.26453236942905,372.2799609053816,ppo_track,False,over-rotation,359.19222917381666,False
bc_only,10026,True,success,False,10.000000000000163,2.632292845008709,0.5126325645821926,0.08439815898580809,0.6800000000000005,3.379999999999942,2.687580531817286,362.7177706190213,370.18961655733756,ppo_track,False,over-rotation,362.549920656056,False
bc_only,10027,True,success,False,10.000000000000163,1.9596408546948656,0.3332635853290018,0.09130014893372153,0.6600000000000005,3.47999999999994,2.7306861496723616,359.0729615368642,365.80229166536316,ppo_track,False,over-rotation,359.0739852053492,False
bc_only,10028,True,success,False,10.000000000000163,1.5566493249228697,0.3469753655760482,0.09721606229730531,0.6800000000000005,3.5599999999999383,2.702051185124009,361.29426253913806,364.72113178144394,ppo_track,False,over-rotation,361.21501368407525,False
bc_only,10029,True,success,False,10.000000000000163,1.2457929684614193,0.456946427580477,0.07700690310391195,0.6800000000000005,3.4199999999999413,2.706136478410726,358.88797560019134,365.20822231409477,ppo_track,False,over-rotation,358.76121433586604,False
bc_only,10030,True,success,False,10.000000000000163,2.6373332526350257,0.6159931069725944,0.09506986115156092,0.6600000000000005,3.4599999999999405,2.708869450091694,361.64878908700973,363.1547237353617,ppo_track,False,over-rotation,361.57520232994455,False
bc_only,10031,True,success,False,10.000000000000163,1.9107100166079356,0.12274487813229383,0.07763528090232662,0.6600000000000005,3.619999999999937,2.6302359064126435,357.9779744900819,355.50148292879607,ppo_track,False,over-rotation,358.08957613002343,False
bc_only,10032,True,success,False,10.000000000000163,1.4608927268813103,0.19753985659194515,0.10860450961404527,0.6600000000000005,3.4199999999999413,2.6552570930641126,359.5719524054227,357.2489410315666,ppo_track,False,over-rotation,359.3507099059667,False
bc_only,10033,True,success,False,10.000000000000163,1.1022744969458418,0.30432613991016555,0.08343742837736816,0.6800000000000005,3.47999999999994,2.694980746896764,359.32339581050064,368.71113278667747,ppo_track,False,over-rotation,359.4625478527644,False
bc_only,10034,True,success,False,10.000000000000163,0.12659865338041187,0.20459611965013724,0.07300443510083422,0.6800000000000005,3.339999999999943,2.734465789696728,360.1028237703448,364.42495482271346,ppo_track,False,over-rotation,360.12582844115985,False
bc_only,10035,True,success,False,10.000000000000163,0.1489306728938083,0.6510807005014888,0.042406237866863795,0.6800000000000005,3.4599999999999405,2.6671314001267667,360.12532537701316,364.62626561927374,ppo_track,False,over-rotation,359.88270619869377,False
bc_only,10036,True,success,False,10.000000000000163,2.1503513434546546,0.5148433347153222,0.057139640067519676,0.6800000000000005,3.47999999999994,2.62018110782985,359.60527719858925,370.73223375903814,ppo_track,False,over-rotation,359.37772500108554,False
bc_only,10037,True,success,False,10.000000000000163,0.5982217081513336,0.2724836361223422,0.08976436146289606,0.6600000000000005,3.439999999999941,2.824119961984709,360.0831925886384,365.5587619491033,ppo_track,False,over-rotation,359.951173616812,False
bc_only,10038,True,success,False,10.000000000000163,1.3384800554116205,0.1596796491479067,0.04060735701127297,0.6800000000000005,3.4599999999999405,2.676451193043493,359.99514464701355,360.09146640363537,ppo_track,False,over-rotation,360.0148595121098,False
bc_only,10039,True,success,False,10.000000000000163,0.9149109632139499,0.35182836232789805,0.0475636466778281,0.6800000000000005,3.47999999999994,2.749750451432164,360.772962356981,362.983097113277,ppo_track,True,success,360.87424077695505,False
bc_only,10040,True,success,False,10.000000000000163,1.2129272586368591,0.3103935462056002,0.0712936460577129,0.6800000000000005,3.3199999999999434,2.7272488064222222,361.1611543649117,357.56621019748655,ppo_track,False,over-rotation,361.1146550520315,False
bc_only,10041,True,success,False,10.000000000000163,1.1577005746834954,0.4475536888741777,0.08350315516888876,0.6800000000000005,3.519999999999939,2.6686423050715375,360.1535732455141,367.15169773965044,ppo_track,False,over-rotation,360.11813724283456,False
bc_only,10042,True,success,False,10.000000000000163,0.185864615138096,0.19796393052829475,0.1043693659948315,0.6800000000000005,3.579999999999938,2.7295784426612766,360.1358243888799,364.8627554760335,ppo_track,False,over-rotation,360.0825455915748,False
bc_only,10043,True,success,False,10.000000000000163,2.1608443800658,0.25469428681831613,0.05210171892342774,0.6800000000000005,3.439999999999941,2.776110311537604,359.06065606256345,373.68964804682463,ppo_track,False,over-rotation,358.9661943066257,False
bc_only,10044,True,success,False,10.000000000000163,1.7635146813427658,0.21856285863030048,0.09015922687904311,0.6800000000000005,3.439999999999941,2.695969130245557,359.1804481948552,372.3060323164085,ppo_track,False,over-rotation,359.23227398055656,False
bc_only,10045,True,success,False,10.000000000000163,1.781247670645925,0.04809729432778849,0.08858988975728115,0.6800000000000005,3.439999999999941,2.7718344769069017,359.29247608720556,370.91709007088116,ppo_track,False,over-rotation,359.07317952629995,False
bc_only,10046,True,success,False,10.000000000000163,0.8302948641274143,0.15821316470338737,0.07955887136435943,0.6800000000000005,3.799999999999933,2.6478158528116604,360.8174447319059,366.641290543872,ppo_track,False,over-rotation,360.74298570509245,False
bc_only,10047,True,success,False,10.000000000000163,0.8158603116656832,0.1405895024816593,0.060453735894527294,0.6800000000000005,3.4599999999999405,2.7242345158988623,360.7831985990996,359.78846610478587,ppo_track,False,over-rotation,360.48675055942215,False
bc_only,10048,True,success,False,10.000000000000163,1.3992379869378693,0.18974712164285187,0.06177031406185222,0.6600000000000005,3.4999999999999396,2.715788013792296,358.55841493328376,359.9669330719221,ppo_track,False,over-rotation,358.60591518158236,False
bc_only,10049,True,success,False,10.000000000000163,1.8303218154505765,0.568390647890721,0.07237366229912551,0.6800000000000005,3.5399999999999388,2.6725070426771143,358.3606207209869,359.7781088317742,ppo_track,False,over-rotation,358.4289627684527,False
bc_ppo,10000,True,success,False,10.000000000000163,0.6609034632340436,0.22629866475253604,0.0,0.6000000000000004,1.7399999999999771,2.1575580352997616,358.85121074924587,384.1429414981581,ppo_track,True,success,359.34790760902376,False
bc_ppo,10001,True,success,False,10.000000000000163,0.4542373311762844,0.139916670267678,0.0,0.6000000000000004,1.57999999999998,2.041313210524997,359.17868256222704,389.9174780947933,ppo_track,True,success,359.6179826070749,False
bc_ppo,10002,True,success,False,10.000000000000163,0.756737199508546,0.26354371995940773,0.0,0.6000000000000004,1.7399999999999771,2.119497285441399,360.36459784807437,388.9056557564723,ppo_track,True,success,360.7317529737761,False
bc_ppo,10003,True,success,False,10.000000000000163,0.8025170384883668,0.2743209857936786,0.0,0.6000000000000004,1.5599999999999805,2.0658989893029216,360.37080017091796,388.36489626498917,ppo_track,True,success,360.8021468997855,False
bc_ppo,10004,True,success,False,10.000000000000163,0.7716964747461176,0.2554179351497876,0.0,0.6000000000000004,1.6599999999999788,2.08626668692404,358.90506877586006,387.37413925574697,ppo_track,True,success,359.4126041465035,False
bc_ppo,10005,True,success,False,10.000000000000163,0.7701362521745995,0.1449565649527513,0.0,0.6000000000000004,1.6399999999999793,2.1450155496584378,358.98213610708405,386.8244708117402,ppo_track,True,success,359.27976396760863,False
bc_ppo,10006,True,success,False,10.000000000000163,0.5201769614817617,0.2439002691036803,0.0,0.6000000000000004,1.5599999999999805,2.0298364720152664,358.920769865417,392.51889815035526,ppo_track,True,success,359.52549841423996,False
bc_ppo,10007,True,success,False,10.000000000000163,0.7553425027414243,0.1690718628503511,0.0,0.6000000000000004,1.539999999999981,2.054922539447595,360.15463993669033,388.7986883602721,ppo_track,True,success,360.6485403823441,False
bc_ppo,10008,True,success,False,10.000000000000163,0.6161792768378792,0.09989819629035535,0.0,0.6000000000000004,1.6599999999999788,2.0554285948215987,359.86802437843596,385.92350701853786,ppo_track,True,success,360.3802749520257,False
bc_ppo,10009,True,success,False,10.000000000000163,0.5680705895027871,0.1322588486075834,0.0,0.6000000000000004,1.6799999999999784,2.0751278614319326,360.0432879561076,387.9292438372382,ppo_track,True,success,360.37012764896895,False
bc_ppo,10010,True,success,False,10.000000000000163,0.09766279762002505,0.09336206798414948,0.0,0.6000000000000004,1.5999999999999797,2.0357949222640266,359.54209469449734,392.33481495961,ppo_track,True,success,360.09740654187334,False
bc_ppo,10011,True,success,False,10.000000000000163,0.428823900205743,0.0602125873757738,0.0,0.6000000000000004,1.6799999999999784,2.059725513648404,359.19009567628524,387.5100458710229,ppo_track,True,success,359.6118166766669,False
bc_ppo,10012,True,success,False,10.000000000000163,0.4854364202538669,0.08050561634383255,0.0,0.6000000000000004,1.4599999999999826,2.027297923566939,360.1038250518496,394.455736989383,ppo_track,True,success,360.47897466249725,False
bc_ppo,10013,True,success,False,10.000000000000163,0.44574700739052486,0.16158293880204166,0.0,0.6000000000000004,1.5999999999999797,2.033292235160242,359.4690322471009,387.8043802642657,ppo_track,True,success,359.8067104619154,False
bc_ppo,10014,True,success,False,10.000000000000163,0.4230124866819023,0.11160777396566998,0.0,0.6000000000000004,1.57999999999998,2.026937737430517,359.83440051650155,392.6067592667504,ppo_track,True,success,360.4158514565299,False
bc_ppo,10015,True,success,False,10.000000000000163,0.4619180095320964,0.1340864673279389,0.0,0.6000000000000004,1.7199999999999775,2.0995665425109884,359.3439944543764,384.5798836686681,ppo_track,True,success,359.76031276897874,False
bc_ppo,10016,True,success,False,10.000000000000163,0.41872155903986186,0.13324200315647952,0.0,0.6000000000000004,1.5199999999999814,2.060892363526547,359.3884776904399,391.4747018384137,ppo_track,True,success,359.9258112475339,False
bc_ppo,10017,True,success,False,10.000000000000163,0.4623685475594205,0.11331637019781439,0.0,0.6000000000000004,1.6199999999999792,2.1355936756631704,359.8071451495689,384.44307073204396,ppo_track,True,success,360.20911132908043,False
bc_ppo,10018,True,success,False,10.000000000000163,0.9984662426885555,0.09947974382217478,0.0,0.6000000000000004,1.6199999999999792,2.0307156941892868,360.4579281700469,389.3553289730848,ppo_track,True,success,360.9555695936926,False
bc_ppo,10019,True,success,False,10.000000000000163,0.5652581120938527,0.21088297207829745,0.0,0.6000000000000004,1.6199999999999792,2.1377615943770927,358.88036348672927,388.7916471390163,ppo_track,True,success,359.4347750789791,False
bc_ppo,10020,True,success,False,10.000000000000163,0.5021292427237604,0.08822634546661016,0.0,0.6000000000000004,1.57999999999998,2.073250007973823,359.1646733999871,386.09703618175195,ppo_track,True,success,359.68597027825984,False
bc_ppo,10021,True,success,False,10.000000000000163,0.13583856881066186,0.09352662216244878,0.0,0.6000000000000004,1.7399999999999771,2.1303168758483064,359.3725354507726,381.620076904646,ppo_track,True,success,359.87000948320775,False
bc_ppo,10022,True,success,False,10.000000000000163,0.8466611393775971,0.1949967951229257,0.0,0.6000000000000004,1.6799999999999784,2.105110890204365,360.1389459577921,387.673552830703,ppo_track,True,success,360.6234879530612,False
bc_ppo,10023,True,success,False,10.000000000000163,0.6792456584620391,0.11703563408496252,0.0,0.6000000000000004,1.5999999999999797,2.161269542669312,359.7769696145685,387.56499420557986,ppo_track,True,success,360.30259758389434,False
bc_ppo,10024,True,success,False,10.000000000000163,0.3416761974358438,0.14865947744610056,0.0,0.6000000000000004,1.57999999999998,2.1097252849555206,359.42415147159124,387.1733731110537,ppo_track,True,success,359.86778444012805,False
bc_ppo,10025,True,success,False,10.000000000000163,0.6363417907992877,0.1669799073903439,0.0,0.6000000000000004,1.699999999999978,2.1064678882515118,359.00318056825296,386.97209101248797,ppo_track,True,success,359.4739518758835,False
bc_ppo,10026,True,success,False,10.000000000000163,0.9456269407196669,0.20905212248938915,0.0,0.6000000000000004,1.6199999999999792,2.161358408444761,360.4768857043918,387.3235818903415,ppo_track,True,success,360.9454911481314,False
bc_ppo,10027,True,success,False,10.000000000000163,0.9089323503318861,0.18909292750112408,0.0,0.6000000000000004,1.57999999999998,2.064141944619041,359.1604654710962,390.9875259867593,ppo_track,True,success,359.68296724877723,False
bc_ppo,10028,True,success,False,10.000000000000163,0.6841758005610515,0.11571251678706025,0.0,0.6000000000000004,1.3599999999999848,2.0822134620645603,360.18624450592404,391.416048079513,ppo_track,True,success,360.66078522689696,False
bc_ppo,10029,True,success,False,10.000000000000163,0.4256816163726048,0.2398840433302973,0.0,0.6000000000000004,1.7399999999999771,2.0938474284535116,359.1419401625347,384.6914676855139,ppo_track,True,success,359.7255831202122,False
bc_ppo,10030,True,success,False,10.000000000000163,0.30664200222965,0.2538005618036823,0.0,0.6000000000000004,1.57999999999998,2.071993732877446,359.40786370786924,386.96567939015563,ppo_track,True,success,360.0209658229653,False
bc_ppo,10031,True,success,False,10.000000000000163,0.6812035913825883,0.14943019272159583,0.0,0.6000000000000004,1.5599999999999805,2.091722582280116,358.96179855549855,393.8331825463173,ppo_track,True,success,359.3318463524988,False
bc_ppo,10032,True,success,False,10.000000000000163,0.7396993951631213,0.14060512577843792,0.0,0.6000000000000004,1.6199999999999792,2.0315711474723606,359.70244461514153,387.9106755917868,ppo_track,True,success,360.25044936033726,False
bc_ppo,10033,True,success,False,10.000000000000163,0.4380585150039155,0.1149335553213445,0.0,0.6000000000000004,1.6599999999999788,2.155171850294955,359.45009265113254,388.0754162713485,ppo_track,True,success,359.990417509415,False
bc_ppo,10034,True,success,False,10.000000000000163,0.42716155816278817,0.1254106649614078,0.0,0.6000000000000004,1.539999999999981,2.048038334667832,359.5016521094288,387.2467537426419,ppo_track,True,success,360.009780507425,False
bc_ppo,10035,True,success,False,10.000000000000163,0.661368281792657,0.2052011096687004,0.0,0.6000000000000004,1.57999999999998,2.053433740488971,360.0293044376586,390.8717674311659,ppo_track,True,success,360.6046075072852,False
bc_ppo,10036,True,success,False,10.000000000000163,1.1210647494805106,0.10228676237735632,0.0,0.6000000000000004,1.7199999999999775,2.1523201859749572,359.63736483917677,388.03483456783607,ppo_track,True,success,359.9798741864274,False
bc_ppo,10037,True,success,False,10.000000000000163,0.24882776332278686,0.14455714766265876,0.0,0.6000000000000004,1.7199999999999775,2.1261917759510305,359.37390901522906,384.69068318693127,ppo_track,True,success,359.91814032807565,False
bc_ppo,10038,True,success,False,10.000000000000163,0.7877383704530027,0.09792844872584908,0.0,0.6000000000000004,1.5199999999999814,1.996289416266501,359.72208104135376,392.4649826795506,ppo_track,True,success,360.15499512436963,False
bc_ppo,10039,True,success,False,10.000000000000163,0.5266480865110085,0.1352222297082098,0.0,0.6000000000000004,1.6599999999999788,2.097251655574876,359.77383599777784,389.2005182562335,ppo_track,True,success,360.1555523545202,False
bc_ppo,10040,True,success,False,10.000000000000163,0.7025238580960539,0.1613472905248566,0.0,0.6000000000000004,1.5199999999999814,2.0133714589184684,360.14292067478056,393.440906426138,ppo_track,True,success,360.65824513922223,False
bc_ppo,10041,True,success,False,10.000000000000163,0.27151584818071384,0.2343267389764371,0.0,0.6000000000000004,1.5599999999999805,2.1308395572317864,359.7538686892081,387.9202740336934,ppo_track,True,success,360.22828167638943,False
bc_ppo,10042,True,success,False,10.000000000000163,0.5216691946394098,0.09615145630899767,0.0,0.6000000000000004,1.6199999999999792,2.1493428476568206,359.82383709425716,388.99042499859524,ppo_track,True,success,360.2606954015226,False
bc_ppo,10043,True,success,False,10.000000000000163,1.0241694409841102,0.16880783746207034,0.0,0.6000000000000004,1.5199999999999814,2.046018679943073,358.8482552370185,388.9674518848768,ppo_track,True,success,359.3105683009225,False
bc_ppo,10044,True,success,False,10.000000000000163,0.8059268824446776,0.12781020000716228,0.0,0.6000000000000004,1.5999999999999797,2.0558943889517707,359.0662310798922,387.971321079573,ppo_track,True,success,359.514410319794,False
bc_ppo,10045,True,success,False,10.000000000000163,0.11630416301355835,0.09552087157605825,0.0,0.6000000000000004,1.7799999999999763,2.0913071486476786,359.43907854394394,387.3902483305405,ppo_track,True,success,359.8970467502575,False
bc_ppo,10046,True,success,False,10.000000000000163,1.001190329188295,0.12052747034692357,0.0,0.6000000000000004,1.6399999999999793,2.1331905611874857,360.5706540266071,383.39611785821114,ppo_track,True,success,360.99493515424183,False
bc_ppo,10047,True,success,False,10.000000000000163,0.38621608560742704,0.07514135901164923,0.0,0.6000000000000004,1.6199999999999792,2.053275172809631,359.5843235080025,388.0276887907833,ppo_track,True,success,360.1642436888638,False
bc_ppo,10048,True,success,False,10.000000000000163,0.5834981178424686,0.14810694601109872,0.0,0.6000000000000004,1.539999999999981,2.0625942731026385,358.9506072904978,390.4510274859447,ppo_track,True,success,359.4187673908973,False
bc_ppo,10049,True,success,False,10.000000000000163,0.7625455802645774,0.22192776381052548,0.0,0.6000000000000004,1.539999999999981,2.0166401832112273,358.73821222241224,393.2154338734318,ppo_track,True,success,359.2602090041196,False
ppo_mtr,10000,True,success,False,10.000000000000163,0.43060722046428523,0.3010554557143362,0.11754047352416987,0.4800000000000003,0.8799999999999951,10.045370481946632,359.06020209403505,351.8200946561893,ppo_track,True,success,359.59166549837306,False
ppo_mtr,10001,True,success,False,10.000000000000163,0.3212886983442654,0.08271609908457529,0.10894895845155625,0.4800000000000003,0.7799999999999973,12.359995035361411,359.8444435043982,352.39568883720324,ppo_track,True,success,360.20065046510047,False
ppo_mtr,10002,True,success,False,10.000000000000163,0.7381524233025997,0.4043624794864037,0.1270036318847758,0.4800000000000003,0.6799999999999994,12.356770153872688,360.1707431989411,351.4974966018341,ppo_track,True,success,360.6397145948535,False
ppo_mtr,10003,True,success,False,10.000000000000163,0.9919776163773231,0.05046635925464053,0.09344645717711034,0.4800000000000003,0.8799999999999951,11.57849788509711,360.19082393768974,351.96020528331763,ppo_track,True,success,360.7534859053057,False
ppo_mtr,10004,True,success,False,10.000000000000163,1.5744068810101408,0.453048014124511,0.10493821763521276,0.4800000000000003,0.8799999999999951,10.799508187521242,357.80546738861796,352.47327435333204,ppo_track,True,success,358.49235439029076,False
ppo_mtr,10005,True,success,False,10.000000000000163,0.698008245477142,0.36337311299077485,0.09824876680677755,0.4800000000000003,0.8199999999999964,10.681321665438869,358.82719904617636,351.58406677137435,ppo_track,True,success,359.3654332786113,False
ppo_mtr,10006,True,success,False,10.000000000000163,0.5742280611891672,0.437681362783496,0.11493076696929991,0.4800000000000003,0.839999999999996,10.032404367339803,359.7523071257655,352.39567601196404,ppo_track,True,success,360.1895829762556,False
ppo_mtr,10007,True,success,False,10.000000000000163,0.31305482678937974,0.16125159422746738,0.10586183160990277,0.4800000000000003,0.7599999999999977,11.169434245730699,359.71889414081386,351.9234964934247,ppo_track,True,success,360.3102268395006,False
ppo_mtr,10008,True,success,False,10.000000000000163,0.5448859922763182,0.31369145201695664,0.100358684039978,0.4800000000000003,0.7799999999999973,10.805275683256516,359.9052952412619,351.91718362589387,ppo_track,True,success,360.31421375695794,False
ppo_mtr,10009,True,success,False,10.000000000000163,1.0675303787963706,0.23863197231341693,0.11748892834580763,0.4800000000000003,0.839999999999996,12.699704038732389,360.4560269259678,352.4246427122109,ppo_track,True,success,360.81272029520676,False
ppo_mtr,10010,True,success,False,10.000000000000163,0.6226309725008644,0.11065341515173158,0.12484781551174344,0.4800000000000003,0.7399999999999981,12.670824991832916,359.0209874678359,352.2758709565169,ppo_track,True,success,359.3776371300156,False
ppo_mtr,10011,True,success,False,10.000000000000163,0.2897134675289563,0.14975092110787216,0.10770471306779121,0.4800000000000003,0.7799999999999973,8.231054578835165,359.4507359541758,352.30131431504265,ppo_track,True,success,359.9737212530503,False
ppo_mtr,10012,True,success,False,10.000000000000163,0.7731821830944785,0.2017298909675301,0.11258285798342971,0.4800000000000003,0.7999999999999968,11.1338040939446,360.28052532826604,352.60535764494523,ppo_track,True,success,360.76922184293375,False
ppo_mtr,10013,True,success,False,10.000000000000163,1.3380285354973578,0.47869941217264433,0.11525731591666001,0.4600000000000003,0.839999999999996,10.8681799777606,359.15538769326,351.78875631540797,ppo_track,True,success,359.61442735470433,False
ppo_mtr,10014,True,success,False,10.000000000000163,1.1535994165462324,0.28479124350594914,0.12394098963027006,0.4800000000000003,0.7999999999999968,11.004022848005151,360.8040959346385,352.5759597535036,ppo_track,True,success,361.14432512632794,False
ppo_mtr,10015,True,success,False,10.000000000000163,0.7381245664501545,0.2788349622669818,0.12320007798303674,0.4800000000000003,0.8799999999999951,11.092297548867576,359.28058581240543,352.75320142814803,ppo_track,True,success,359.8580839259301,False
ppo_mtr,10016,True,success,False,10.000000000000163,0.49286727877461645,0.13777077275628263,0.09709998964553829,0.4800000000000003,0.7399999999999981,11.104254531809163,359.0293165197803,352.12892366772763,ppo_track,True,success,359.5869094603167,False
ppo_mtr,10017,True,success,False,10.000000000000163,0.5555889944742125,0.28935371265647214,0.10200099404779085,0.4800000000000003,0.7799999999999973,12.514233982565896,359.80616363849015,352.6637789797695,ppo_track,True,success,360.3348330911267,False
ppo_mtr,10018,True,success,False,10.000000000000163,1.267979141521811,0.3432244841893645,0.1173789334591287,0.4800000000000003,0.839999999999996,12.330232538983376,360.5419983407314,353.0185977746295,ppo_track,True,success,361.0099308863651,False
ppo_mtr,10019,True,success,False,10.000000000000163,0.804962136638826,0.3382135903612584,0.11835830923081074,0.4800000000000003,0.8799999999999951,11.242222624994316,360.1571654408651,352.06707923104744,ppo_track,True,success,360.6629785433625,False
ppo_mtr,10020,True,success,False,10.000000000000163,0.6190171646956484,0.13999815300069904,0.09317911589150561,0.4800000000000003,0.7399999999999981,11.549780246848693,358.9437024687153,352.64051208048306,ppo_track,True,success,359.3871738034722,False
ppo_mtr,10021,True,success,False,10.000000000000163,0.40985110540184205,0.15992831260020832,0.1113058555018074,0.4800000000000003,0.7999999999999968,12.22792651933283,359.82875989549274,352.77169057612997,ppo_track,True,success,360.3832920477614,False
ppo_mtr,10022,True,success,False,10.000000000000163,0.4254329410801353,0.28670405589620956,0.11905574016211949,0.4800000000000003,0.8599999999999955,14.159841277598252,359.9432426070535,352.57909018430587,ppo_track,True,success,360.3000059404009,False
ppo_mtr,10023,True,success,False,10.000000000000163,0.5615327526293127,0.295646334825379,0.12330673897006912,0.4800000000000003,0.8599999999999955,10.349611858165126,359.90371356379205,352.3648168640718,ppo_track,True,success,360.48009001968427,False
ppo_mtr,10024,True,success,False,10.000000000000163,0.7129033267266903,0.10631888673246012,0.10679610972494769,0.4800000000000003,0.699999999999999,9.126479441955901,359.16274753488403,351.7897403802386,ppo_track,True,success,359.6590178330723,False
ppo_mtr,10025,True,success,False,10.000000000000163,0.4768953408705153,0.06822045445875873,0.11809215993624331,0.4800000000000003,0.6799999999999994,10.433171889786149,359.160202292051,352.3261891774038,ppo_track,True,success,359.6279059231509,False
ppo_mtr,10026,True,success,False,10.000000000000163,1.0371705134333042,0.2899442864882707,0.11145595092599081,0.4800000000000003,0.8599999999999955,13.037765365855778,360.4752118299075,351.6708861660515,ppo_track,True,success,360.98427770577695,False
ppo_mtr,10027,True,success,False,10.000000000000163,0.5503696644640685,0.34343102892060023,0.11029681355500688,0.4800000000000003,0.7799999999999973,12.22589743160135,358.98762126119124,352.2041046320102,ppo_track,True,success,359.4871075685438,False
ppo_mtr,10028,True,success,False,10.000000000000163,0.9642850154047511,0.2499513867209911,0.12650141106211715,0.4800000000000003,0.7399999999999981,11.50094913111884,360.06564687432456,353.07125616459626,ppo_track,True,success,360.4451096534737,False
ppo_mtr,10029,True,success,False,10.000000000000163,0.415161392440016,0.25962421557112275,0.10851452580930986,0.4800000000000003,0.8599999999999955,9.843239094600762,359.189612861116,352.67687661011047,ppo_track,True,success,359.8171526858949,False
ppo_mtr,10030,True,success,False,10.000000000000163,0.18822386798933874,0.3503782731010589,0.10300370632512021,0.4800000000000003,0.8799999999999951,11.767457986343334,359.42843676813027,353.1298261803368,ppo_track,True,success,359.8267078789134,False
ppo_mtr,10031,True,success,False,10.000000000000163,1.1997625412419932,0.20175434939184295,0.0980380304311201,0.4800000000000003,0.7599999999999977,10.621580050310616,358.39703928422745,351.7401165870663,ppo_track,True,success,358.93426521042534,False
ppo_mtr,10032,True,success,False,10.000000000000163,0.16805254696328253,0.26969825809648446,0.09737618465906454,0.4800000000000003,0.7999999999999968,11.300243415892382,359.3152241906139,351.98042354948944,ppo_track,True,success,359.8566119817126,False
ppo_mtr,10033,True,success,False,10.000000000000163,0.7432389595646002,0.28446771428641826,0.12869041116274435,0.4800000000000003,0.8599999999999955,9.248883367934882,359.40729387899603,351.5761571032606,ppo_track,True,success,359.9307256515709,False
ppo_mtr,10034,True,success,False,10.000000000000163,0.28568996759159343,0.1161669278197391,0.11588988839524207,0.4800000000000003,0.8599999999999955,11.940635004036144,359.7640182761929,351.96627304321356,ppo_track,True,success,360.2729495345989,False
ppo_mtr,10035,True,success,False,10.000000000000163,1.352742333373759,0.23642445517821978,0.11788724427799348,0.4800000000000003,0.8799999999999951,12.144279972468775,360.90008756385134,352.1639162128177,ppo_track,True,success,361.3379650047298,False
ppo_mtr,10036,True,success,False,10.000000000000163,0.5918222422335474,0.4140698573781355,0.10512474828075855,0.4800000000000003,0.8599999999999955,10.679977070829443,359.93866683261626,352.9657446620935,ppo_track,True,success,360.42133304104397,False
ppo_mtr,10037,True,success,False,10.000000000000163,0.3691078318933234,0.3423451774028233,0.12294447587425394,0.4800000000000003,0.7199999999999985,12.631301876963658,359.2722732907287,352.4139984835784,ppo_track,True,success,359.631355117648,False
ppo_mtr,10038,True,success,False,10.000000000000163,0.5380169549678481,0.14465138554104068,0.10474669046959098,0.4800000000000003,0.7999999999999968,12.139588167741605,359.9748467570771,353.0286585803097,ppo_track,True,success,360.51032681840843,False
ppo_mtr,10039,True,success,False,10.000000000000163,0.13457213273051252,0.23367056133760014,0.12830320941241968,0.4800000000000003,0.839999999999996,10.424258444468077,359.36633796384757,351.512030919306,ppo_track,True,success,359.99193974339505,False
ppo_mtr,10040,True,success,False,10.000000000000163,0.29362468696731,0.273558404213448,0.13754324262556344,0.4800000000000003,0.9199999999999943,12.59941791720372,359.7171445595991,351.4505117880782,ppo_track,True,success,360.1428832109063,False
ppo_mtr,10041,True,success,False,10.000000000000163,0.210568362829993,0.2792377606081323,0.12063275256405777,0.4800000000000003,0.699999999999999,12.678896003697115,359.58602239638725,352.2438844575886,ppo_track,True,success,359.98395539731155,False
ppo_mtr,10042,True,success,False,10.000000000000163,0.6127559297151929,0.2945973803743082,0.12127818480696914,0.4800000000000003,0.8599999999999955,13.24600259960758,360.0848175571248,352.9183798401986,ppo_track,True,success,360.4517454268185,False
ppo_mtr,10043,True,success,False,10.000000000000163,0.4273506431342859,0.39591641659936844,0.13770851394999473,0.4800000000000003,0.8599999999999955,11.408112604198607,359.7895361663022,352.3722393574207,ppo_track,True,success,360.2020024659306,False
ppo_mtr,10044,True,success,False,10.000000000000163,0.9545000759465413,0.2621070385825869,0.1445519249810313,0.4800000000000003,0.8599999999999955,11.87753829674436,359.069749285386,351.64160551931246,ppo_track,True,success,359.552365984808,False
ppo_mtr,10045,True,success,False,10.000000000000163,0.3152045145735307,0.26455631868769297,0.12460033612972159,0.4800000000000003,0.8799999999999951,13.157101837064157,359.68171533183033,352.4500486003404,ppo_track,True,success,360.19359051877814,False
ppo_mtr,10046,True,success,False,10.000000000000163,1.135160427886246,0.18991187887885427,0.10882922642814387,0.4800000000000003,0.839999999999996,13.243108245304741,360.6571534940364,352.0336272295276,ppo_track,True,success,361.09154648184443,False
ppo_mtr,10047,True,success,False,10.000000000000163,0.962359112552531,0.29745045780092727,0.112947742491342,0.4800000000000003,0.7799999999999973,12.130856425551576,360.393788756961,352.48112988054964,ppo_track,True,success,360.90407555046056,False
ppo_mtr,10048,True,success,False,10.000000000000163,1.2104910461268341,0.29437748332178254,0.10398653064103945,0.4800000000000003,0.699999999999999,11.252301632745485,358.25091319067826,352.1226158081581,ppo_track,True,success,358.7981941495928,False
ppo_mtr,10049,True,success,False,10.000000000000163,1.0542220750764433,0.48141591400877487,0.12658183334210962,0.4800000000000003,0.839999999999996,13.51788838583361,358.72677506759766,352.89627652659914,ppo_track,True,success,359.1856986501513,False
ppo_mtr_motors,10000,True,success,False,10.000000000000163,0.7802519057214279,0.12820017094137826,0.15990797860435757,0.5000000000000003,0.7199999999999985,1.2060881359733637,358.35612945895616,351.8734627268754,ppo_track,True,success,359.22660005684196,False
ppo_mtr_motors,10001,True,success,False,10.000000000000163,0.20864636454913607,0.027803601417744555,0.1641526357986323,0.4800000000000003,0.6599999999999998,1.0672132184832164,359.2697672989062,351.5049475328285,ppo_track,True,success,360.19750668896796,False
ppo_mtr_motors,10002,True,success,False,10.000000000000163,1.0799865189560767,0.3452072481944517,0.17474646220907827,0.4800000000000003,0.6400000000000002,1.1254965594242585,360.2030798328043,352.8494132414346,ppo_track,True,success,361.0642457854594,False
ppo_mtr_motors,10003,True,success,False,10.000000000000163,0.8822323265064758,0.3097968128484486,0.15550643717682494,0.5000000000000003,0.8199999999999964,1.1824645694434865,359.92154937526686,351.67265905697207,ppo_track,True,success,360.8773096794394,False
ppo_mtr_motors,10004,True,success,False,10.000000000000163,0.7064251791534101,0.3279325331093558,0.16453788830843202,0.5000000000000003,0.7799999999999973,1.1649670899272413,358.46396405296156,351.7407732742139,ppo_track,True,success,359.29655415063604,False
ppo_mtr_motors,10005,True,success,False,10.000000000000163,0.9623960215202692,0.14520883983938476,0.16786441615956801,0.4800000000000003,0.8199999999999964,1.1491182874719028,358.0473095411662,352.6595856022957,ppo_track,True,success,359.06591323738,False
ppo_mtr_motors,10006,True,success,False,10.000000000000163,0.8580949219047748,0.42425687827329067,0.16703356161440397,0.5000000000000003,0.7599999999999977,1.1326790007208036,358.2147764182667,351.4998680012571,ppo_track,True,success,359.1428715437948,False
ppo_mtr_motors,10007,True,success,False,10.000000000000163,0.20786186991482364,0.12857217941613694,0.17028729083571012,0.5000000000000003,0.699999999999999,1.1667243196980424,359.36900392223316,352.9266729607637,ppo_track,True,success,360.2014193796614,False
ppo_mtr_motors,10008,True,success,False,10.000000000000163,0.7218851694463745,0.1442497163982996,0.16337544075201502,0.5000000000000003,0.7599999999999977,1.16530121081573,359.60914042132816,351.8448697701106,ppo_track,True,success,360.41287474140165,False
ppo_mtr_motors,10009,True,success,False,10.000000000000163,0.6665641249326283,0.11046010068079638,0.17410556795391655,0.4800000000000003,0.7399999999999981,1.102152534712277,359.7287599665699,351.6610778679757,ppo_track,True,success,360.59943265560184,False
ppo_mtr_motors,10010,True,success,False,10.000000000000163,0.3316129795278981,0.0810143144308439,0.17205192268900396,0.5000000000000003,0.6799999999999994,1.1369910404921837,358.88210487342815,351.75320912181235,ppo_track,True,success,359.6899153877929,False
ppo_mtr_motors,10011,True,success,False,10.000000000000163,0.5584735522334505,0.1470087475907317,0.16988999765739524,0.5000000000000003,0.7199999999999985,1.1787360885502491,358.58058839745075,351.73872031515674,ppo_track,True,success,359.45891197428756,False
ppo_mtr_motors,10012,True,success,False,10.000000000000163,0.5531822147701775,0.17122450702156425,0.16791766936013564,0.5000000000000003,0.7599999999999977,1.1705055244296838,359.4586867148236,352.9470149146445,ppo_track,True,success,360.5531810182199,False
ppo_mtr_motors,10013,True,success,False,10.000000000000163,0.7585786845548106,0.026039687799768948,0.16334003510460277,0.4800000000000003,0.7199999999999985,1.1002437343865124,358.70128047041254,352.30562050613224,ppo_track,True,success,359.65569441247,False
ppo_mtr_motors,10014,True,success,False,10.000000000000163,0.8001048898655495,0.2206747428314269,0.1733510065010065,0.4800000000000003,0.8799999999999951,1.1057112359180767,359.95466854173674,352.49087648091324,ppo_track,True,success,360.7622311063174,False
ppo_mtr_motors,10015,True,success,False,10.000000000000163,0.6420161818399839,0.03406860269745723,0.17470207974573618,0.4800000000000003,0.8799999999999951,1.1622609183096562,358.4876436970867,352.6054009831252,ppo_track,True,success,359.446712144503,False
ppo_mtr_motors,10016,True,success,False,10.000000000000163,0.3449429948176037,0.1730406388349842,0.1619846732976513,0.5000000000000003,0.699999999999999,1.1832108598311195,359.37039164016704,351.8688046872244,ppo_track,True,success,360.3374415492883,False
ppo_mtr_motors,10017,True,success,False,10.000000000000163,0.7612520343177499,0.07064866677102065,0.15786314764064752,0.5000000000000003,0.699999999999999,1.1766070805557804,359.74154928741103,351.6581427251256,ppo_track,True,success,360.7213652078453,False
ppo_mtr_motors,10018,True,success,False,10.000000000000163,1.239982843080474,0.14901304917262662,0.1671423267406557,0.5000000000000003,0.7599999999999977,1.1601924056655255,360.345298782179,352.2018994263067,ppo_track,True,success,361.2170495716616,False
ppo_mtr_motors,10019,True,success,False,10.000000000000163,0.2569319256831924,0.2354823955030424,0.17413917651594712,0.5000000000000003,0.7399999999999981,1.1236062574362966,359.45058512152974,351.96161432517715,ppo_track,True,success,360.21782041448864,False
ppo_mtr_motors,10020,True,success,False,10.000000000000163,0.23260699765719378,0.16037284557376583,0.1557684867895674,0.4800000000000003,0.7599999999999977,1.1018258148853337,358.9422911884848,352.52882145564524,ppo_track,True,success,359.79386748046846,False
ppo_mtr_motors,10021,True,success,False,10.000000000000163,0.6568414705765688,0.13344183464676085,0.17062401585716927,0.4800000000000003,0.8599999999999955,1.1268679464263391,358.56069998266383,352.9707397686942,ppo_track,True,success,359.4021745377114,False
ppo_mtr_motors,10022,True,success,False,10.000000000000163,0.5616064287724282,0.1904814793224827,0.18060567993509444,0.4800000000000003,0.7799999999999973,1.1804534979754466,359.6876882869314,352.3270532775114,ppo_track,True,success,360.5248307887218,False
ppo_mtr_motors,10023,True,success,False,10.000000000000163,0.8493272614938664,0.11696735233923784,0.17121377389858167,0.5000000000000003,0.699999999999999,1.1644606738767538,359.9132871765482,352.84745105403135,ppo_track,True,success,360.69925453522586,False
ppo_mtr_motors,10024,True,success,False,10.000000000000163,0.19848559574307398,0.1419792305424571,0.16336272820085965,0.4800000000000003,0.699999999999999,1.1303845943942117,359.41854832908444,352.0930477502157,ppo_track,True,success,360.1961256462851,False
ppo_mtr_motors,10025,True,success,False,10.000000000000163,0.7703043622666816,0.09690324436167845,0.18106150968929283,0.4800000000000003,0.6400000000000002,1.1025452501379882,358.38813528066726,351.74304835973356,ppo_track,True,success,359.2364739891912,False
ppo_mtr_motors,10026,True,success,False,10.000000000000163,1.0790128517482174,0.15155898683237354,0.1667073131672817,0.5000000000000003,0.6799999999999994,1.1674504333443092,360.17836356757374,352.09610114488413,ppo_track,True,success,361.03954473638976,False
ppo_mtr_motors,10027,True,success,False,10.000000000000163,0.6752099805126144,0.1545966447659872,0.16504808901894394,0.4800000000000003,0.7599999999999977,1.1222999169070682,358.5689997276178,352.7939625791344,ppo_track,True,success,359.44716648210925,False
ppo_mtr_motors,10028,True,success,False,10.000000000000163,0.8633692900739431,0.09473718170524312,0.1799623914331645,0.5000000000000003,0.7199999999999985,1.163454942059496,359.91113297853184,352.9136686690024,ppo_track,True,success,360.8547541774995,False
ppo_mtr_motors,10029,True,success,False,10.000000000000163,0.41992192718884047,0.22269393186302028,0.16709484878165395,0.5000000000000003,0.7199999999999985,1.1624441379133148,358.9381413715918,351.5991610667467,ppo_track,True,success,359.76523543961815,False
ppo_mtr_motors,10030,True,success,False,10.000000000000163,0.5436839650987315,0.23712559654739887,0.161197017293169,0.5000000000000003,0.699999999999999,1.1419512696518106,359.49303223544507,352.52846246002827,ppo_track,True,success,360.23133505937466,False
ppo_mtr_motors,10031,True,success,False,10.000000000000163,1.3910787917859269,0.16118412285291903,0.15596286044341207,0.5000000000000003,0.6599999999999998,1.1697207127919147,357.70080607629654,351.6877772052412,ppo_track,True,success,358.62126315794677,False
ppo_mtr_motors,10032,True,success,False,10.000000000000163,0.6679569469786416,0.12081316563111444,0.15814565947686668,0.5000000000000003,0.6799999999999994,1.1751921047402383,358.61824399597043,351.99622955915,ppo_track,True,success,359.37364485017576,False
ppo_mtr_motors,10033,True,success,False,10.000000000000163,0.26410415727060343,0.06394764691732395,0.17506346326307284,0.4800000000000003,0.839999999999996,1.1240009880832667,358.91385129984496,352.6136226783016,ppo_track,True,success,359.77577939951925,False
ppo_mtr_motors,10034,True,success,False,10.000000000000163,0.22200437845364404,0.13077382281184877,0.17088846762795407,0.5000000000000003,0.7199999999999985,1.1491919304795188,358.93581483969257,351.87407425818367,ppo_track,True,success,359.8176178784442,False
ppo_mtr_motors,10035,True,success,False,10.000000000000163,0.5095731805526121,0.2786459376997662,0.16939891812821492,0.5000000000000003,0.7199999999999985,1.1699252672277591,359.59335310414974,351.6287374396407,ppo_track,True,success,360.50293070791025,False
ppo_mtr_motors,10036,True,success,False,10.000000000000163,0.7749345713391318,0.24229133807435957,0.16672511385113806,0.5000000000000003,0.7399999999999981,1.175876399526675,358.81192328921645,352.3656906415915,ppo_track,True,success,359.86870947573374,False
ppo_mtr_motors,10037,True,success,False,10.000000000000163,0.4943507895723075,0.24274067021231974,0.17746812875296328,0.4800000000000003,0.7999999999999968,1.0843524564945997,358.67563649039755,352.41686684597596,ppo_track,True,success,359.50565810525586,False
ppo_mtr_motors,10038,True,success,False,10.000000000000163,0.42823300040176615,0.056338131415501515,0.1682314410024447,0.5000000000000003,0.699999999999999,1.112862188145475,358.9701569447762,352.2437591882264,ppo_track,True,success,359.8793044702363,False
ppo_mtr_motors,10039,True,success,False,10.000000000000163,0.20804318788619336,0.13199122453370915,0.17371813912677636,0.4800000000000003,0.8199999999999964,1.12358825423678,359.24890144921966,353.0114388823665,ppo_track,True,success,360.19127382705017,False
ppo_mtr_motors,10040,True,success,False,10.000000000000163,1.1153123450728675,0.18218838466279555,0.17041139543255124,0.5000000000000003,0.7399999999999981,1.1331114246667122,360.1559424284253,352.23314665647587,ppo_track,True,success,361.04460100979617,False
ppo_mtr_motors,10041,True,success,False,10.000000000000163,0.516780849463566,0.25808937885240696,0.18066344245800073,0.4800000000000003,0.7799999999999973,1.0803268021373793,359.5253494772452,351.70535669811335,ppo_track,True,success,360.405805074231,False
ppo_mtr_motors,10042,True,success,False,10.000000000000163,0.7661749869619563,0.0927613317337095,0.17104428518907722,0.5000000000000003,0.699999999999999,1.1630008683754978,359.6844525082444,351.8059945114658,ppo_track,True,success,360.59662236583154,False
ppo_mtr_motors,10043,True,success,False,10.000000000000163,0.7537238120766314,0.23216739706507686,0.17996767889943222,0.4800000000000003,0.839999999999996,1.091313526361309,358.6466235203463,352.1523126792974,ppo_track,True,success,359.52948051996265,False
ppo_mtr_motors,10044,True,success,False,10.000000000000163,1.1747869571557876,0.14911731349155,0.19160917626250085,0.4800000000000003,0.8199999999999964,1.1229030839335554,358.1910879571316,352.7773908322652,ppo_track,True,success,359.05944589618133,False
ppo_mtr_motors,10045,True,success,False,10.000000000000163,0.3217841061167022,0.10635704385933263,0.17183481867146705,0.5000000000000003,0.6799999999999994,1.163986186358568,358.93148174089094,351.98634845744465,ppo_track,True,success,359.7413582295284,False
ppo_mtr_motors,10046,True,success,False,10.000000000000163,1.0967157952867501,0.061647505171613416,0.1711965772407039,0.5000000000000003,0.7399999999999981,1.1351547706827687,360.31883216763566,351.40585324202783,ppo_track,True,success,361.08767337645065,False
ppo_mtr_motors,10047,True,success,False,10.000000000000163,0.948593039217772,0.09874729167816973,0.16686530962875495,0.5000000000000003,0.699999999999999,1.176156381636854,360.06120623640686,351.9495192714322,ppo_track,True,success,360.94848120128296,False
ppo_mtr_motors,10048,True,success,False,10.000000000000163,0.9994307933242952,0.18532860364947532,0.15970298677295086,0.5000000000000003,0.6599999999999998,1.156956241008407,358.1532299998546,351.56336248974424,ppo_track,True,success,359.0052026321977,False
ppo_mtr_motors,10049,True,success,False,10.000000000000163,1.3043902123650948,0.2516202771139668,0.1788289263004986,0.5000000000000003,0.7399999999999981,1.1329636343752145,357.7661725495785,352.45027076500355,ppo_track,True,success,358.7522690042466,False
