controller,seed,success,failure_mode,terminated,duration_s,final_tilt_deg,final_omega,max_alt_loss_m,t_flip_s,t_recovered_s,control_effort,revolution_deg,pitch_travel_deg,detector,success_section04,failure_mode_section04,ppo_track_revolution_deg,ppo_track_success_then_terminated
pid_hover,10000,False,never inverted,False,10.000000000000163,5.372655168358645,0.8714238806439595,0.038042862781651365,,,2.0049561451633444,-0.11089425608996283,304.50050867467996,ppo_track,False,never inverted,-0.3581883688772344,False
pid_hover,10001,False,never inverted,False,10.000000000000163,5.620604140570043,0.5866926543902696,0.04839510301729691,,,1.9936512221481668,3.1179119239105186,311.85514234074935,ppo_track,False,never inverted,3.4478312930692727,False
pid_hover,10002,False,never inverted,False,10.000000000000163,7.700467321073043,0.9351906735920857,0.026871531200055938,,,1.9170635655416102,1.9991798333483841,312.41839218986905,ppo_track,False,never inverted,1.7185681949037361,False
pid_hover,10003,False,never inverted,False,10.000000000000163,2.668976160634926,0.702952203227319,0.048215329251355556,,,1.987542872418265,-2.9826299186311522,372.9549218861778,ppo_track,False,never inverted,-2.6227104215473265,False
pid_hover,10004,False,never inverted,False,10.000000000000163,5.076006417791942,1.103145052431743,0.04144717827840233,,,2.0314020201405616,4.845911854438547,329.83761546056195,ppo_track,False,never inverted,5.071930538645549,False
pid_hover,10005,False,never inverted,False,10.000000000000163,0.9341221035013829,0.5144465909607852,0.051458196875783145,,,1.9991738001351507,-0.9565228001924525,351.8995206617715,ppo_track,False,never inverted,-0.9041095095958074,False
pid_hover,10006,False,never inverted,False,10.000000000000163,2.3196021917688077,2.082430156740794,0.06145055314918451,,,1.9421821376615127,2.028092076609192,344.5198291057184,ppo_track,False,never inverted,2.1331882029378666,False
pid_hover,10007,False,never inverted,False,10.000000000000163,7.560140805728033,0.275031087721424,0.06173497737552597,,,2.0692510435369242,7.498874319086463,347.8516470650562,ppo_track,False,never inverted,7.092161363794223,False
pid_hover,10008,False,never inverted,False,10.000000000000163,3.1775098670309077,0.8075498073817016,0.0609226535362341,,,1.9145519595197724,-2.6951125917094636,334.18568095632634,ppo_track,False,never inverted,-3.0432172853823802,False
pid_hover,10009,False,never inverted,False,10.000000000000163,7.294112457187091,0.538734541233096,0.049295159560847276,,,1.8605517617611633,-1.6320256448416939,358.43613622459014,ppo_track,False,never inverted,-1.4252361469342014,False
pid_hover,10010,False,never inverted,False,10.000000000000163,3.841973865590997,1.0956987972437229,0.04154487784332843,,,1.9724555739806178,-2.148094638186184,310.1756321314995,ppo_track,False,never inverted,-1.8099896566448739,False
pid_hover,10011,False,never inverted,False,10.000000000000163,4.029225648932633,0.5948107614608173,0.03987639050673252,,,2.0912541680962433,-0.4360419122872252,385.53967573778567,ppo_track,False,never inverted,-0.5220013239294101,False
pid_hover,10012,False,never inverted,False,10.000000000000163,8.173061257322408,0.9276998870205188,0.045742007572055654,,,2.043532113652979,-6.127559823923191,338.1819348001124,ppo_track,False,never inverted,-5.9825595049700775,False
pid_hover,10013,False,never inverted,False,10.000000000000163,3.137696616117784,0.5382192971023563,0.05310933594813947,,,1.982669278769865,0.8842013916750335,326.01251883630687,ppo_track,False,never inverted,0.651405454396401,False
pid_hover,10014,False,never inverted,False,10.000000000000163,3.009902340983147,0.4141790365964353,0.049328270156326105,,,1.8791878455551019,2.96171648092539,321.93376205469707,ppo_track,False,never inverted,3.0035006806290725,False
pid_hover,10015,False,never inverted,False,10.000000000000163,3.397072311539494,0.8327685680278977,0.07516617423516761,,,2.0720066295621407,0.3619378259119018,381.2471491437665,ppo_track,False,never inverted,0.560779285005146,False
pid_hover,10016,False,never inverted,False,10.000000000000163,6.598378051783813,1.2615589510952987,0.04587585113305233,,,1.9781942141998514,6.226499379647606,308.9571215632594,ppo_track,False,never inverted,6.257850384746346,False
pid_hover,10017,False,never inverted,False,10.000000000000163,1.1171520701324433,0.4614908130774988,0.03195464626838196,,,2.0266334133087995,-0.7488070067648783,388.1030033101166,ppo_track,False,never inverted,-0.9293329869925765,False
pid_hover,10018,False,never inverted,False,10.000000000000163,1.5985725190768807,1.3029947693598143,0.03775256866134046,,,1.9305087849566476,1.6512387582436927,331.2678727511291,ppo_track,False,never inverted,0.9857390795753772,False
pid_hover,10019,False,never inverted,False,10.000000000000163,3.7058390604443834,0.9546573315258913,0.054230209311187376,,,1.9798147474007892,2.083513861186949,317.1404565305898,ppo_track,False,never inverted,2.072208023254665,False
pid_hover,10020,False,never inverted,False,10.000000000000163,3.083235191123202,1.9755882473911877,0.0717657984238925,,,1.8630806515830964,-2.991191151759622,327.60832464477187,ppo_track,False,never inverted,-3.014686606096292,False
pid_hover,10021,False,never inverted,False,10.000000000000163,6.789669211135927,0.3239368541336867,0.04344219074314591,,,1.9851041906501932,-2.972452347876054,356.2984906345147,ppo_track,False,never inverted,-3.444946328933962,False
pid_hover,10022,False,never inverted,False,10.000000000000163,5.79448542972356,0.5903713974296998,0.07758411639113905,,,1.9555523846989908,5.7582369044970205,372.9823263858218,ppo_track,False,never inverted,5.788548208876802,False
pid_hover,10023,False,never inverted,False,10.000000000000163,9.980781310644401,0.504357115775997,0.03713658126107365,,,2.012798774351784,-4.706989816593371,311.27566251508784,ppo_track,False,never inverted,-4.490130055140188,False
pid_hover,10024,False,never inverted,False,10.000000000000163,7.891918315940842,1.8266764191574374,0.06021791549420246,,,2.0511102809168595,-6.670722768998669,388.34326987736443,ppo_track,False,never inverted,-7.264956725640711,False
pid_hover,10025,False,never inverted,False,10.000000000000163,2.7580595110862216,0.14307615163871923,0.05642618966822127,,,1.8908564302226267,-1.035620530795017,359.73276387453524,ppo_track,False,never inverted,-0.9958459109758682,False
pid_hover,10026,False,never inverted,False,10.000000000000163,8.935713301109775,0.8114271569480184,0.05598157904783522,,,1.9737388378511262,0.4093686027486046,354.98009958550784,ppo_track,False,never inverted,0.6690022074440273,False
pid_hover,10027,False,never inverted,False,10.000000000000163,3.3500042656741833,1.0446014882864778,0.05665377272617614,,,2.012179643930256,0.34057099191679896,294.7012513332027,ppo_track,False,never inverted,0.5134489848018777,False
pid_hover,10028,False,never inverted,False,10.000000000000163,5.37997619534237,0.6031371809941013,0.05420558817130567,,,1.9206575541395419,5.2343967517069405,344.1825213942026,ppo_track,False,never inverted,5.351189313352692,False
pid_hover,10029,False,never inverted,False,10.000000000000163,2.3738012680873064,0.649622168718581,0.06671772399401202,,,1.8706860058923063,0.7051490483506693,327.88890143791696,ppo_track,False,never inverted,1.0655302856911044,False
pid_hover,10030,False,never inverted,False,10.000000000000163,6.168817720344682,0.3530669516278068,0.06573777393035087,,,1.9583044805342595,-6.220821846607093,304.9570356269986,ppo_track,False,never inverted,-6.1638351696545755,False
pid_hover,10031,False,never inverted,False,10.000000000000163,3.511474417740691,0.7703857721811518,0.058595015973255206,,,1.8780312938779642,-5.361832106091429,360.98333423027105,ppo_track,False,never inverted,-3.473271323116897,False
pid_hover,10032,False,never inverted,False,10.000000000000163,6.1519163472080844,0.49720778611341393,0.07144641768962677,,,1.9761731967851432,3.413419809576205,326.11071452250076,ppo_track,False,never inverted,3.074579375127165,False
pid_hover,10033,False,never inverted,False,10.000000000000163,2.230850603804002,1.155572167971012,0.045801668198350985,,,1.8729796824450227,-1.6811471534418303,343.77427484579795,ppo_track,False,never inverted,-2.050315573201039,False
pid_hover,10034,False,never inverted,False,10.000000000000163,5.749258524745629,0.6943719882774104,0.047604016839376026,,,1.868230573515728,0.09913053356770811,320.4008680793029,ppo_track,False,never inverted,0.15040734392630042,False
pid_hover,10035,False,never inverted,False,10.000000000000163,8.21140737617991,1.2707130178651103,0.057047579705684005,,,1.8914961210295518,-7.690161265413159,370.55586006550203,ppo_track,False,never inverted,-8.205811019997979,False
pid_hover,10036,False,never inverted,False,10.000000000000163,6.4841550456077215,0.39245276872627766,0.060366966140532344,,,2.0457544129169496,4.484819251910461,326.60557916124594,ppo_track,False,never inverted,4.524243048723612,False
pid_hover,10037,False,never inverted,False,10.000000000000163,3.4872809584410702,0.4585444756835615,0.06477055401561838,,,1.8633477956702529,2.2826927962704957,306.31534345262037,ppo_track,False,never inverted,2.1141678043039445,False
pid_hover,10038,False,never inverted,False,10.000000000000163,10.509508130192733,0.9259492062611462,0.04024140997000918,,,1.9094528102035497,10.645112178309464,345.80982091088686,ppo_track,False,never inverted,10.180381139782334,False
pid_hover,10039,False,never inverted,False,10.000000000000163,1.2256934464971052,0.4441805159489198,0.03801427513811673,,,1.857725636454874,0.5409482020346164,328.6984081741014,ppo_track,False,never inverted,1.224810585099228,False
pid_hover,10040,False,never inverted,False,10.000000000000163,4.395727547601044,1.8003014874314212,0.05969821996428633,,,1.8351508700696955,1.0490367732140242,399.6467508244215,ppo_track,False,never inverted,1.0367943279776093,False
pid_hover,10041,False,never inverted,False,10.000000000000163,4.2551169635428145,0.7669467331613322,0.06196487260701953,,,1.855099359743929,0.4209817951352932,288.7256476084385,ppo_track,False,never inverted,0.7551307694605602,False
pid_hover,10042,False,never inverted,False,10.000000000000163,1.2350609511901933,0.7612448455351944,0.07997593819262017,,,2.1384733805993665,-0.08859063661057495,360.0429438498505,ppo_track,False,never inverted,0.8019567429473711,False
pid_hover,10043,False,never inverted,False,10.000000000000163,7.455365122096259,0.9197447619333422,0.061249124826920805,,,1.9591557442740473,3.472360395952834,309.25777564163565,ppo_track,False,never inverted,3.426220877276933,False
pid_hover,10044,False,never inverted,False,10.000000000000163,4.11249090574598,1.1712153574371493,0.057487149573421,,,1.879804126546106,3.1594527886399164,289.6847555541305,ppo_track,False,never inverted,3.237842255614914,False
pid_hover,10045,False,never inverted,False,10.000000000000163,1.9991537244621203,1.0034235786174863,0.05107086985339033,,,2.013368645491756,2.200540805399852,346.665298773327,ppo_track,False,never inverted,1.9923115280995094,False
pid_hover,10046,False,never inverted,False,10.000000000000163,5.349624112045434,1.7995224624915092,0.04117144391833579,,,1.8990767474718953,5.250395537274764,313.6421958522365,ppo_track,False,never inverted,5.186430242948489,False
pid_hover,10047,False,never inverted,False,10.000000000000163,4.6527041291335705,0.9263576963273715,0.02765969219455513,,,1.8599968104517086,-4.246314448506357,377.95950375008437,ppo_track,False,never inverted,-3.9484829928515026,False
pid_hover,10048,False,never inverted,False,10.000000000000163,11.46254964046062,0.5046428490134143,0.07257413985201558,,,1.9114736014102167,-10.944684634323812,314.2502757653342,ppo_track,False,never inverted,-11.151132976646505,False
pid_hover,10049,False,never inverted,False,10.000000000000163,5.038091285421616,0.8103843128051024,0.061021813011092496,,,1.8976208155940206,2.891562007589651,311.3388317308238,ppo_track,False,never inverted,2.8084287460079005,False
scripted_flip,10000,False,no 0.4 s hold,False,10.000000000000163,5.475216158968303,0.8436443247534032,0.019547841298694444,1.2999999999999943,,4.0838070568849805,360.2007568148217,369.1955868874652,ppo_track,False,no final hold,359.6861751105116,False
scripted_flip,10001,True,success,False,10.000000000000163,5.562397063755609,0.5672941146389803,0.014152842850501746,1.3199999999999938,2.4199999999999626,3.8862545338413725,362.89987636023085,381.47350605563975,ppo_track,False,no final hold,363.23308179905956,False
scripted_flip,10002,False,no 0.4 s hold,False,10.000000000000163,7.780485792290472,0.905870430456937,0.006776107588825442,1.359999999999993,,3.7849621126477273,360.6171273201401,376.1601850412155,ppo_track,False,no final hold,361.72768640725565,False
scripted_flip,10003,False,no 0.4 s hold,False,10.000000000000163,2.5538258374793537,0.686550913393983,0.02253692024231542,1.3199999999999938,,3.8336646817933198,357.1123721602515,364.02459114324745,ppo_track,False,no final hold,357.47578593596603,False
scripted_flip,10004,False,no 0.4 s hold,False,10.000000000000163,5.100542608171659,1.0894387712493667,0.007104911911975523,1.4799999999999904,,3.9635767167970983,364.94846295509643,378.4747335487681,ppo_track,False,no final hold,365.092036205688,False
scripted_flip,10005,True,success,False,10.000000000000163,0.8843316825099004,0.5240710649179343,0.0,1.3199999999999938,8.800000000000034,3.9300145210692126,358.9341985068242,370.7044075551093,ppo_track,False,no final hold,359.1341520405018,False
scripted_flip,10006,False,no 0.4 s hold,False,10.000000000000163,2.238460464059552,2.0823706538076885,0.045427862240932794,1.3399999999999934,,3.7035129299840235,361.57909864214326,398.31547334419133,ppo_track,False,no final hold,362.06368709333844,False
scripted_flip,10007,False,no 0.4 s hold,False,10.000000000000163,7.577093226085005,0.2775784542611802,0.011632173415474593,1.2799999999999947,,4.109362671910931,367.3493073374347,367.27284294631227,ppo_track,False,no final hold,367.07217690000095,False
scripted_flip,10008,False,no 0.4 s hold,False,10.000000000000163,3.2983805924058816,0.8357139430399767,0.02267144930512098,1.4399999999999913,,3.7992338010062823,357.27394955351036,363.7484425465063,ppo_track,False,never inverted,356.81534890078564,False
scripted_flip,10009,False,no 0.4 s hold,False,10.000000000000163,7.310012817928017,0.565079438937038,0.024267278414141183,1.3199999999999938,,3.718087132757739,357.87463326223275,384.0839908525739,ppo_track,False,no final hold,358.4922970627314,False
scripted_flip,10010,False,no 0.4 s hold,False,10.000000000000163,3.716501806552736,1.1139414794883398,0.004029545000620745,1.5399999999999892,,3.8332592793598375,356.569339347873,371.20262881418495,ppo_track,False,never inverted,358.27425615111656,False
scripted_flip,10011,False,no 0.4 s hold,False,10.000000000000163,3.9711838873607013,0.5986723283132435,0.005101803209013179,1.2599999999999951,,4.072987609715655,359.2598350090264,372.3629452031827,ppo_track,False,no final hold,359.44956858195746,False
scripted_flip,10012,False,no 0.4 s hold,False,10.000000000000163,8.180654781471643,0.9305459473914366,0.0005628239891022841,1.3999999999999921,,3.85189702454695,355.0923256777524,375.7912076983724,ppo_track,False,no final hold,353.9985630601996,False
scripted_flip,10013,False,no 0.4 s hold,False,10.000000000000163,3.216163872488473,0.5407739319347167,0.0018863834768305966,1.5399999999999892,,3.933688436498368,359.79808249598545,372.61717711215914,ppo_track,False,never inverted,360.6617403391394,False
scripted_flip,10014,False,no 0.4 s hold,False,10.000000000000163,3.1158146608190855,0.4057250999283638,0.009675313022995922,1.2799999999999947,,3.84703963769167,362.5508272181398,383.3798361793119,ppo_track,False,no final hold,363.11576263355397,False
scripted_flip,10015,False,no 0.4 s hold,False,10.000000000000163,3.5600766741878807,0.7965072796193737,0.0037827306385889567,1.4599999999999909,,3.98725974132391,360.68347273464155,371.3508590744958,ppo_track,False,no final hold,360.5079029401601,False
scripted_flip,10016,True,success,False,10.000000000000163,6.598616683014375,1.2773479121309266,0.0006514692140516923,1.359999999999993,7.699999999999863,3.825538473132279,366.39736881238645,371.04912339549213,ppo_track,False,no final hold,366.2869556100953,False
scripted_flip,10017,False,no 0.4 s hold,False,10.000000000000163,1.2066021261543871,0.4611759057512798,0.0,1.3199999999999938,,3.9705064339070857,359.07425520995247,383.7073033378942,ppo_track,False,no final hold,359.0394656768727,False
scripted_flip,10018,True,success,False,10.000000000000163,1.5775502502820375,1.3135404645603312,8.48235434689274e-05,1.2999999999999943,8.039999999999916,3.8185796589221876,361.74646627598923,385.9083837890283,ppo_track,False,no final hold,360.8435670750655,False
scripted_flip,10019,False,no 0.4 s hold,False,10.000000000000163,3.6997524853488732,0.9626717070273502,0.01288430139718515,1.3199999999999938,,3.9036429775350467,362.07173375095874,374.2279666096663,ppo_track,False,no final hold,361.96783346770115,False
scripted_flip,10020,True,success,False,10.000000000000163,3.314874356567603,1.969810331962126,9.866035524940403e-05,1.739999999999985,5.599999999999895,3.7347148457331527,357.1355596484311,381.98495641549624,ppo_track,False,no final hold,356.7657313929984,False
scripted_flip,10021,False,no 0.4 s hold,False,10.000000000000163,6.842823375307154,0.2682448744960585,0.0191677843425315,1.3999999999999921,,3.8686067464603435,357.1927974291103,370.7321227210618,ppo_track,False,no final hold,356.6765770660421,False
scripted_flip,10022,False,no 0.4 s hold,False,10.000000000000163,5.6645842358507466,0.60943344715915,0.00035207501861088674,1.2999999999999943,,3.8138430412357422,365.18590173172635,396.5037721270507,ppo_track,False,no final hold,365.66105989670166,False
scripted_flip,10023,False,no 0.4 s hold,False,10.000000000000163,10.067480079854489,0.4961429263873932,0.015820790668939672,1.3799999999999926,,4.020342745794592,355.14830188626007,364.85178615262214,ppo_track,False,no final hold,355.3550202059874,False
scripted_flip,10024,False,no 0.4 s hold,False,10.000000000000163,7.971385009243396,1.8090358236782986,0.0,1.3199999999999938,,3.79824667317319,354.32598469235927,390.64490071003,ppo_track,False,no final hold,352.69073604822,False
scripted_flip,10025,False,no 0.4 s hold,False,10.000000000000163,2.768149494529201,0.158289193258437,0.01261605006990465,1.2799999999999947,,3.959219549167828,358.8608497405064,381.4291546446745,ppo_track,False,no final hold,358.7897135773076,False
scripted_flip,10026,True,success,False,10.000000000000163,8.921135161611133,0.8394466884947819,0.02568496755035803,1.3399999999999934,3.01999999999995,3.91047948661647,360.05731775782186,392.43163184671135,ppo_track,False,no final hold,360.7549462405574,False
scripted_flip,10027,True,success,False,10.000000000000163,3.1614008518395362,1.0447547638790333,0.0,1.359999999999993,5.199999999999903,3.811407561788895,360.42671165170566,373.8646961649229,ppo_track,False,no final hold,360.3924661028364,False
scripted_flip,10028,False,no 0.4 s hold,False,10.000000000000163,5.1325731628058575,0.5850694360091292,0.012127635376511695,1.4599999999999909,,3.8036945826418096,364.93108168892263,374.10176323712426,ppo_track,False,no final hold,365.0926500968935,False
scripted_flip,10029,True,success,False,10.000000000000163,2.320547242669225,0.6391562706612434,0.011458819771355832,1.3799999999999926,6.639999999999873,3.8223273709881913,359.46243478835555,387.27986192441404,ppo_track,False,no final hold,361.12306436001575,False
scripted_flip,10030,True,success,False,10.000000000000163,6.168097959217019,0.3706598637347696,0.0010495292962407457,1.4799999999999904,1.8799999999999741,3.746281647437261,353.75996725781755,374.27703606056946,ppo_track,False,no final hold,353.8431326343527,False
scripted_flip,10031,False,no 0.4 s hold,False,10.000000000000163,3.4989019289617995,0.8030726657504808,0.028677326996726555,1.2799999999999947,,3.7400062150148177,353.51848996197543,370.87422714841495,ppo_track,False,no final hold,356.51970011539555,False
scripted_flip,10032,True,success,False,10.000000000000163,6.3089521657360335,0.5031695355056783,0.0,1.3199999999999938,1.9199999999999733,3.826396678424817,363.55762479828314,375.07021556236845,ppo_track,False,no final hold,363.1556118274725,False
scripted_flip,10033,False,no 0.4 s hold,False,10.000000000000163,2.312834466197682,1.142063086890272,0.019637101557043946,1.2999999999999943,,3.8828937342294876,358.3577576843412,374.1175888226194,ppo_track,False,no final hold,357.89416458067745,False
scripted_flip,10034,True,success,False,10.000000000000163,5.64217618317987,0.7078198023152373,0.002954641918546392,1.2799999999999947,2.8399999999999537,3.7815160528429956,359.64952224936013,369.458579809689,ppo_track,False,no final hold,359.97278110548166,False
scripted_flip,10035,False,no 0.4 s hold,False,10.000000000000163,8.256472653612576,1.297710864669717,0.022920264789459115,1.3399999999999934,,3.76682477893264,352.24843971429175,381.54124878532843,ppo_track,False,no final hold,351.74872538455276,False
scripted_flip,10036,False,no 0.4 s hold,False,10.000000000000163,6.5059786363141106,0.4036011070881467,0.013343267272977206,1.3199999999999938,,4.028105799159821,364.1220294432152,369.54952336254274,ppo_track,False,no final hold,364.67132685094697,False
scripted_flip,10037,True,success,False,10.000000000000163,3.4687719851982193,0.48014275233210535,0.0068228596683300325,1.359999999999993,5.119999999999905,3.802631884525299,359.3655689068748,366.5434966335395,ppo_track,False,never inverted,362.1815045220646,False
scripted_flip,10038,False,no 0.4 s hold,False,10.000000000000163,10.65044751598594,0.9603589555380925,0.014591087970598458,1.2999999999999943,,3.8684909751724197,372.51714282484994,370.8483178934643,ppo_track,False,no final hold,370.3668237234759,False
scripted_flip,10039,False,no 0.4 s hold,False,10.000000000000163,1.3629551059578342,0.4575922029508397,0.0035630169637215665,1.5399999999999892,,3.735128377958723,360.3080190348325,373.5437919416896,ppo_track,False,no final hold,361.3625876383016,False
scripted_flip,10040,False,no 0.4 s hold,False,10.000000000000163,4.232601654753553,1.7632911443573847,0.0379483558619304,1.3199999999999938,,3.682916920082514,361.5404996216746,371.6268130836756,ppo_track,False,no final hold,361.0566496700542,False
scripted_flip,10041,False,no 0.4 s hold,False,10.000000000000163,4.314725244101965,0.8167286428682938,0.0005290413951021971,1.4199999999999917,,3.7408338327107717,360.3310676627516,370.9104895666122,ppo_track,False,no final hold,360.76552823448225,False
scripted_flip,10042,False,no 0.4 s hold,False,10.000000000000163,1.0634026056684927,0.7658143029438864,0.003551961328395886,1.2799999999999947,,4.113886163180091,360.2914679722274,379.3010313469132,ppo_track,False,no final hold,360.73170679833953,False
scripted_flip,10043,True,success,False,10.000000000000163,7.47068113502755,0.8854070821456241,0.026300151186301912,1.3799999999999926,5.799999999999891,3.8179444101964033,364.15557164131314,365.32781748898816,ppo_track,False,no final hold,363.5815718809665,False
scripted_flip,10044,True,success,False,10.000000000000163,4.160746142084356,1.1814926108241621,0.01938329084016707,1.3799999999999926,3.2599999999999447,3.6170361753649427,363.3994386311083,375.8255086069184,ppo_track,False,no final hold,363.2528068197521,False
scripted_flip,10045,True,success,False,10.000000000000163,2.0981159427872313,1.0120227105991846,0.007081039936877911,1.2999999999999943,3.01999999999995,3.9919193957583112,362.11066942580834,371.3617544093312,ppo_track,False,no final hold,362.0948695010203,False
scripted_flip,10046,True,success,False,10.000000000000163,5.331689334829416,1.7777639281185942,0.020981153744188605,1.2799999999999947,7.479999999999855,3.898059620399917,365.775537588333,394.7612674179252,ppo_track,False,no final hold,365.18447328684016,False
scripted_flip,10047,False,no 0.4 s hold,False,10.000000000000163,4.6816050998941385,0.9247295702501613,0.013672967181034314,1.3799999999999926,,3.842700803224467,355.4957791167131,389.6324885609117,ppo_track,False,no final hold,355.97894002638816,False
scripted_flip,10048,True,success,False,10.000000000000163,11.479544776822987,0.5259083502294444,0.01778875409533427,1.3199999999999938,2.679999999999957,3.850849618379558,348.78734434935416,377.5812932752061,ppo_track,False,no final hold,348.85833126695553,False
scripted_flip,10049,False,no 0.4 s hold,False,10.000000000000163,4.884141137809511,0.8105088156084622,0.00349539222916264,1.359999999999993,,3.738203948857323,362.824104008052,373.7879548505941,ppo_track,False,no final hold,362.6485439996378,False
three_phase_default,10000,False,no 0.4 s hold,False,10.000000000000163,2.7607532278313704,1.2903786247466476,0.1899706538988864,0.6000000000000004,,3.8914076629568486,356.30538910514446,353.83880760198485,ppo_track,False,no final hold,357.6101610953752,False
three_phase_default,10001,False,no 0.4 s hold,False,10.000000000000163,6.0388911647555625,0.8464427901962855,0.16464297558121785,0.6000000000000004,,3.8239805671024496,361.1918563891256,352.5620149930778,ppo_track,False,no final hold,362.8191840446274,False
three_phase_default,10002,False,no 0.4 s hold,False,10.000000000000163,8.599722360555015,0.6202554616302018,0.1639355885531945,0.6200000000000004,,3.8026961320061545,363.7197787813052,354.83715027869727,ppo_track,False,no final hold,363.2149353903367,False
three_phase_default,10003,False,no 0.4 s hold,False,10.000000000000163,5.872958143277768,0.3389562317539719,0.16066501797992042,0.6200000000000004,,3.7152710855646403,353.5833854442519,355.13628578099633,ppo_track,False,no final hold,354.2484668761456,False
three_phase_default,10004,False,no 0.4 s hold,False,10.000000000000163,11.583290822165347,0.9707938959286583,0.18546286220972089,0.6200000000000004,,4.0693192774117275,370.77656657253266,372.36549071894774,ppo_track,False,never inverted,370.91926014612636,False
three_phase_default,10005,True,success,False,10.000000000000163,3.061876810641757,0.7530817388125246,0.20690177265112294,0.6200000000000004,3.619999999999937,4.0817695989262495,359.87881089494937,372.6204647761514,ppo_track,False,no final hold,360.4614180092357,False
three_phase_default,10006,False,no 0.4 s hold,False,10.000000000000163,3.9791286196046896,1.742124713254867,0.22710793353809777,0.6200000000000004,,3.7866540049651354,362.91377016332535,367.5375039612976,ppo_track,False,no final hold,362.5267192845327,False
three_phase_default,10007,False,no 0.4 s hold,False,10.000000000000163,11.795470617005156,0.221432905330302,0.2953707645547317,0.6000000000000004,,3.990355840495155,369.226004065575,352.95782231399903,ppo_track,False,no final hold,370.5614551059932,False
three_phase_default,10008,True,success,False,10.000000000000163,4.281695279206627,0.3458226659830961,0.20191435655199927,0.6200000000000004,2.259999999999966,4.0013606349908635,357.0544452351986,380.4738507453157,ppo_track,False,never inverted,357.35694216280046,False
three_phase_default,10009,False,no 0.4 s hold,False,10.000000000000163,6.0473506265721495,1.2849680953287392,0.2063413865078239,0.6000000000000004,,3.666760231507783,355.490930864547,353.28742188821354,ppo_track,False,no final hold,356.8967776329885,False
three_phase_default,10010,True,success,False,10.000000000000163,3.680322491426866,1.2725140815341507,0.2034584476130043,0.6000000000000004,6.959999999999866,3.838571326558642,357.3902670948903,355.3470725414778,ppo_track,False,no final hold,358.8169816328696,False
three_phase_default,10011,False,no 0.4 s hold,False,10.000000000000163,7.290141027489069,0.5651797636332643,0.1871217941251703,0.6400000000000005,,3.9466806095969034,360.50014895222307,375.0146849697883,ppo_track,False,no final hold,360.38031671196643,False
three_phase_default,10012,False,rotation incomplete,False,10.000000000000163,10.445294551898682,1.2846287234920548,0.1768709476607626,0.5800000000000004,,3.980111242242591,347.8760531857534,352.9304635806649,ppo_track,False,no final hold,349.6865113287288,False
three_phase_default,10013,False,no 0.4 s hold,False,10.000000000000163,7.901189652128163,0.48622213993582625,0.24420651210044134,0.6000000000000004,,4.095781874822609,363.0615117687835,353.01696288925285,ppo_track,False,no final hold,363.7863497043086,False
three_phase_default,10014,True,success,False,10.000000000000163,4.022341928448179,0.33179489451024796,0.18301963160180243,0.6200000000000004,5.939999999999888,3.7862680730156435,364.2687848191725,358.5239001039716,ppo_track,False,no final hold,364.01765578272625,False
three_phase_default,10015,True,success,False,10.000000000000163,2.846960859901783,1.0759743323017836,0.17312459223215435,0.6000000000000004,8.720000000000022,3.990087638500046,355.7344811102447,361.7974827573815,ppo_track,False,no final hold,357.22218119682015,False
three_phase_default,10016,False,no 0.4 s hold,False,10.000000000000163,13.656113809386577,0.8903830889533509,0.14604669404156112,0.6200000000000004,,3.902323164841901,372.4503898496163,352.1890306323378,ppo_track,False,no final hold,373.2162907495517,False
three_phase_default,10017,True,success,False,10.000000000000163,4.392826675154016,0.38629589142141835,0.17013540955561912,0.6400000000000005,3.1799999999999464,3.9424184712695443,356.4720159929772,365.31993101812884,ppo_track,False,no final hold,356.74066506038844,False
three_phase_default,10018,True,success,False,10.000000000000163,2.6053164585093556,0.8952726256823663,0.09955697453016871,0.6400000000000005,8.159999999999934,3.8283422522842194,361.1444615786067,368.7841949651501,ppo_track,False,no final hold,359.8226523846434,False
three_phase_default,10019,False,no 0.4 s hold,False,10.000000000000163,5.912916814383988,0.7525514652527023,0.2019568483824074,0.6000000000000004,,3.8703079969660847,360.8992210584678,352.6033527138575,ppo_track,False,no final hold,361.45093405684594,False
three_phase_default,10020,True,success,False,10.000000000000163,6.7721717833104655,1.5268811868628607,0.22740873146720963,0.6200000000000004,4.659999999999915,3.846682216001832,353.42878081480785,388.11902213549314,ppo_track,False,no final hold,353.382590973331,False
three_phase_default,10021,False,no 0.4 s hold,False,10.000000000000163,8.558648570741795,0.6573930127038603,0.22395543869083603,0.6200000000000004,,3.7853618655163315,360.1122625419762,358.2960185180437,ppo_track,False,no final hold,359.31224741769864,False
three_phase_default,10022,False,no 0.4 s hold,False,10.000000000000163,11.408513882899413,0.24231022524526644,0.22401910966329602,0.6200000000000004,,3.6743780050590367,368.27983083210614,374.05038471257745,ppo_track,False,never inverted,369.09041086238335,False
three_phase_default,10023,False,no 0.4 s hold,False,10.000000000000163,11.288945834488171,0.7243537155777371,0.1956768634578035,0.6200000000000004,,3.966802284765529,356.4156330928972,363.76638484210514,ppo_track,False,no final hold,357.45467997874397,False
three_phase_default,10024,False,no 0.4 s hold,False,10.000000000000163,8.170612768298955,1.5401742964032021,0.27126637859534364,0.6400000000000005,,3.966559829096244,354.60819336193293,368.2852359078075,ppo_track,False,no final hold,354.0243761309944,False
three_phase_default,10025,False,no 0.4 s hold,False,10.000000000000163,3.276027287855341,0.3353172538714332,0.17524607412418805,0.6200000000000004,,3.680517930405132,360.81677959227443,365.74455893603454,ppo_track,False,no final hold,360.37207796044964,False
three_phase_default,10026,False,no 0.4 s hold,False,10.000000000000163,14.65433911882388,1.4734385784437791,0.2734641844990202,0.6000000000000004,,3.7904562149954946,364.32993774758967,354.7968852228301,ppo_track,False,never inverted,366.9052882904666,False
three_phase_default,10027,False,no 0.4 s hold,False,10.000000000000163,1.6507310745863275,1.038642978718893,0.2051251132287218,0.6000000000000004,,4.084343805117462,360.15138345829155,356.0144806457538,ppo_track,False,never inverted,360.7662331460158,False
three_phase_default,10028,False,no 0.4 s hold,False,10.000000000000163,12.484416875773428,0.35496437204651504,0.19284298927220225,0.6400000000000005,,3.8845475989429294,371.55230493257966,367.44956561522116,ppo_track,False,no final hold,372.3177306407881,False
three_phase_default,10029,False,no 0.4 s hold,False,10.000000000000163,3.0335872734718317,0.7299480385522901,0.24808984250822314,0.6200000000000004,,3.829677407988776,357.1484721025503,370.4685983246814,ppo_track,False,no final hold,357.460976147399,False
three_phase_default,10030,False,no 0.4 s hold,False,10.000000000000163,4.76713816566181,0.6525787233019444,0.229309073840155,0.6000000000000004,,3.910014436842879,355.4720020397256,356.5307534898489,ppo_track,False,never inverted,355.58719679059146,False
three_phase_default,10031,False,no 0.4 s hold,False,10.000000000000163,9.357693765933249,0.8913669861340922,0.2171678091879574,0.6200000000000004,,3.5200895974948088,347.6483581881289,367.830493995238,ppo_track,False,never inverted,352.23480043536904,False
three_phase_default,10032,False,no 0.4 s hold,False,10.000000000000163,12.407601837421607,0.20217671426482323,0.13686412016979757,0.6200000000000004,,3.88992625191569,364.3668805442205,362.2025704955279,ppo_track,False,no final hold,364.33516502344196,False
three_phase_default,10033,False,no 0.4 s hold,False,10.000000000000163,1.6436689399968685,1.3458740632914767,0.2025317576559014,0.6200000000000004,,3.6475978674366316,359.22802655278423,365.0187555538262,ppo_track,False,no final hold,360.21460332613424,False
three_phase_default,10034,False,no 0.4 s hold,False,10.000000000000163,6.799749884350206,0.6148858996156054,0.16067079575276552,0.6000000000000004,,3.700644779548595,360.31092983158044,352.4230093402477,ppo_track,False,never inverted,362.6110927315742,False
three_phase_default,10035,False,rotation incomplete,False,10.000000000000163,11.925492407421054,0.4497579373045733,0.17679230735477575,0.6200000000000004,,3.8789982234779257,347.1627463643303,366.447859153908,ppo_track,False,never inverted,348.0747513305246,False
three_phase_default,10036,True,success,False,10.000000000000163,14.030008422475223,0.5186475437523502,0.13539379310899163,0.6000000000000004,2.439999999999962,3.901391060023532,366.6132821897021,353.2183035705785,ppo_track,False,no final hold,366.4302469205427,False
three_phase_default,10037,True,success,False,10.000000000000163,1.693537415053017,1.3476784750052724,0.16925348655928454,0.6000000000000004,7.959999999999904,3.683728723484924,359.6752210396757,353.1997901049632,ppo_track,False,no final hold,359.8891260584725,False
three_phase_default,10038,True,success,False,10.000000000000163,14.236887513525911,0.6406938455441277,0.14857100967950557,0.6200000000000004,4.359999999999921,3.804278971419333,373.8749738975647,355.3339158567916,ppo_track,False,no final hold,373.7123858446757,False
three_phase_default,10039,False,no 0.4 s hold,False,10.000000000000163,2.2405479748387465,0.47723513224714137,0.13070391752265062,0.5800000000000004,,3.5505801610056684,358.7189378469165,367.79096274631166,ppo_track,False,never inverted,362.1684454910571,False
three_phase_default,10040,False,no 0.4 s hold,False,10.000000000000163,11.493872413262887,1.4302326659012592,0.23574138748476262,0.6200000000000004,,3.7109228164193837,354.924007927851,376.9397750112319,ppo_track,False,never inverted,355.98460268456427,False
three_phase_default,10041,False,no 0.4 s hold,False,10.000000000000163,1.858603576895501,1.3827702602120517,0.18386650106383354,0.6000000000000004,,3.8185387178756995,357.50294608938947,353.2685883702728,ppo_track,False,no final hold,358.154125010067,False
three_phase_default,10042,False,no 0.4 s hold,False,10.000000000000163,2.747814230068651,0.4439124277515398,0.21420024152804537,0.6000000000000004,,4.080522903580786,360.7189479137731,352.25924101834784,ppo_track,False,no final hold,362.69712892732116,False
three_phase_default,10043,True,success,False,10.000000000000163,9.934921717684142,0.5303206531987495,0.18519978605777115,0.6200000000000004,5.779999999999891,3.799444293573508,362.50752969807957,366.95611790955394,ppo_track,False,no final hold,363.2516318470449,False
three_phase_default,10044,True,success,False,10.000000000000163,3.1665425044680218,0.7626104958366017,0.12199587993782114,0.6200000000000004,3.2799999999999443,3.658063369717662,361.1428243524656,355.57167005181367,ppo_track,False,no final hold,361.05461449648016,False
three_phase_default,10045,False,no 0.4 s hold,False,10.000000000000163,2.722633496658522,0.9276678062768996,0.1882152037478442,0.6000000000000004,,3.9928375617135874,358.7676780640357,354.6928127987224,ppo_track,False,never inverted,362.58499739761385,False
three_phase_default,10046,True,success,False,10.000000000000163,5.816946703759098,1.8386476116804802,0.20459687531254808,0.6200000000000004,7.479999999999855,3.6923683919387065,362.3633748821005,352.5956683057759,ppo_track,False,no final hold,363.18195890349347,False
three_phase_default,10047,False,rotation incomplete,False,10.000000000000163,10.578896493142034,0.7598872155264567,0.17397242838762578,0.6200000000000004,,3.765402611678181,348.8783263152704,371.74812208581545,ppo_track,False,no final hold,349.9697218584652,False
three_phase_default,10048,False,rotation incomplete,False,10.000000000000163,13.34116889495427,0.9283979537471894,0.21420944390981908,0.6000000000000004,,3.824651556259568,346.6411838720254,353.0946361032629,ppo_track,False,no final hold,346.7457078593612,False
three_phase_default,10049,False,no 0.4 s hold,False,10.000000000000163,8.970994154889066,0.6738536026417997,0.2479652207694731,0.6000000000000004,,3.7750779113700306,359.54011460347823,352.9841168872038,ppo_track,False,no final hold,361.1252734092338,False
map_elites_final,10000,False,no 0.4 s hold,False,10.000000000000163,3.418053676587164,0.7201055202788493,0.44738738877756423,1.5199999999999896,,6.252128812424364,356.9814701045296,369.2603118380954,ppo_track,False,no final hold,357.2242241288217,False
map_elites_final,10001,False,no 0.4 s hold,False,10.000000000000163,5.568066549176044,0.6341957296734553,0.4493055059525567,1.5399999999999892,,6.005745752462729,362.40727781227133,375.26420514796513,ppo_track,False,no final hold,363.2040705560988,False
map_elites_final,10002,False,no 0.4 s hold,False,10.000000000000163,6.555757385386166,0.553161450551772,0.43490972752195967,1.5199999999999896,,6.029918032086988,364.49959154533127,371.15129732078105,ppo_track,False,never inverted,363.2924962937804,False
map_elites_final,10003,False,no 0.4 s hold,False,10.000000000000163,6.295564496571831,0.5448138123688777,0.7099524325959313,1.5199999999999896,,6.303924786648707,354.2898909949567,374.0879861102894,ppo_track,False,never inverted,354.32631055251835,False
map_elites_final,10004,False,no 0.4 s hold,False,10.000000000000163,9.901831262924429,1.17762560637354,0.4192495320125489,1.5199999999999896,,6.328182830313175,369.61207208130764,393.86086928238313,ppo_track,False,no final hold,369.7342768894914,False
map_elites_final,10005,True,success,False,10.000000000000163,4.33130308388797,0.7645147944380537,0.5062138507332701,1.5199999999999896,8.780000000000031,6.100806909995959,358.0506450786898,377.6607124793511,ppo_track,False,no final hold,359.569595784061,False
map_elites_final,10006,False,no 0.4 s hold,False,10.000000000000163,3.4035103588205735,1.5218435887697441,0.6170186194747188,1.5399999999999892,,5.861518046086859,362.71994859808876,388.72618479768386,ppo_track,False,no final hold,362.439949727473,False
map_elites_final,10007,True,success,False,10.000000000000163,11.337840851433054,0.3416589332858228,0.5844132198696335,1.49999999999999,7.899999999999895,6.521541842959111,368.7662189525042,362.8253138043391,ppo_track,False,never inverted,370.08988005809755,False
map_elites_final,10008,True,success,False,10.000000000000163,2.628942546240734,0.40682724153792515,0.891959293016159,1.5399999999999892,8.499999999999988,6.165802781837155,359.76189627723204,398.8386564530163,ppo_track,False,never inverted,358.5598714967091,False
map_elites_final,10009,False,no 0.4 s hold,False,10.000000000000163,5.065135865955338,0.7852668974176685,0.5744476749007026,1.5199999999999896,,5.4627782419365865,356.9461300718827,382.2578754532536,ppo_track,False,no final hold,357.0909830977625,False
map_elites_final,10010,False,no 0.4 s hold,False,10.000000000000163,2.272278857747511,0.8964828461158983,0.4562932516073039,1.5399999999999892,,6.091802399251965,358.5868882633545,376.2962518878253,ppo_track,False,no final hold,359.1817547555921,False
map_elites_final,10011,False,no 0.4 s hold,False,10.000000000000163,5.834146013448078,0.25490757835555333,0.43131161073370594,1.5399999999999892,,6.015017082868053,361.11500609479833,387.08494965111294,ppo_track,False,no final hold,360.71747692537735,False
map_elites_final,10012,False,no 0.4 s hold,False,10.000000000000163,8.9766181085394,0.809972960917588,0.4920798265562408,1.5199999999999896,,6.216099639152057,350.4411336165583,371.76574118766075,ppo_track,False,no final hold,351.50220873925537,False
map_elites_final,10013,False,no 0.4 s hold,False,10.000000000000163,4.933979092541883,0.601095172071156,0.5711300997132357,1.5199999999999896,,6.323321143593752,360.5054851187145,384.8184433469157,ppo_track,False,never inverted,361.71433206111607,False
map_elites_final,10014,True,success,False,10.000000000000163,4.12941232936993,0.3083581083006392,0.4646783941724983,1.5199999999999896,5.879999999999889,5.583832380685318,363.5208577784393,381.0771726068571,ppo_track,False,no final hold,364.01818591898933,False
map_elites_final,10015,False,no 0.4 s hold,False,10.000000000000163,5.227248281110723,0.7751217843808923,0.440413261243667,1.5199999999999896,,6.061834733022716,355.0122978581411,370.3841090569999,ppo_track,False,no final hold,354.86449324484136,False
map_elites_final,10016,True,success,False,10.000000000000163,10.846362760843949,0.7646033355815421,0.3786494030262582,1.49999999999999,6.75999999999987,5.929308016456086,369.88309135204156,364.1335516099199,ppo_track,False,no final hold,370.32114082734574,False
map_elites_final,10017,False,no 0.4 s hold,False,10.000000000000163,4.393656209505987,0.08622892530486549,0.4692448510798297,1.5399999999999892,,6.539653986769079,354.53879777966125,401.59779940159626,ppo_track,False,no final hold,355.7238415934355,False
map_elites_final,10018,True,success,False,10.000000000000163,1.17432909513768,0.6231402275181348,0.36036011059463735,1.5399999999999892,8.019999999999913,5.961711077753818,360.7551907756681,404.7558269451212,ppo_track,False,no final hold,360.3636819191192,False
map_elites_final,10019,False,no 0.4 s hold,False,10.000000000000163,5.858731637479675,0.6616232574890315,0.49515667215091663,1.49999999999999,,6.259103829123437,362.55751502735404,366.26970794516484,ppo_track,False,no final hold,363.61443423027697,False
map_elites_final,10020,True,success,False,10.000000000000163,4.07057112082358,1.71889455768678,0.5309123726826241,1.5199999999999896,5.639999999999894,5.590088882459887,354.06081649562805,388.97937550273883,ppo_track,False,never inverted,356.08705638720386,False
map_elites_final,10021,False,no 0.4 s hold,False,10.000000000000163,6.101735846217619,0.43765402860880703,0.5364902735754589,1.5199999999999896,,5.970380381974403,357.5105432372414,379.26477400483384,ppo_track,False,no final hold,357.17084786929337,False
map_elites_final,10022,False,no 0.4 s hold,False,10.000000000000163,8.026932401707832,0.19513865109473932,0.5213715050393706,1.5199999999999896,,5.636106200088559,364.93253244140794,389.68885498670136,ppo_track,False,no final hold,365.1417640112088,False
map_elites_final,10023,False,no 0.4 s hold,False,10.000000000000163,7.50439011476813,0.39164752484409826,0.47294762183875017,1.5199999999999896,,6.211940593116474,357.8879429478834,374.8278355370078,ppo_track,False,no final hold,358.2290714177904,False
map_elites_final,10024,False,no 0.4 s hold,False,10.000000000000163,7.635753280894864,1.544061297473028,0.5661048216813404,1.5199999999999896,,5.850793643443037,354.77869264294594,392.51574458359147,ppo_track,False,never inverted,354.55511071502053,False
map_elites_final,10025,False,no 0.4 s hold,False,10.000000000000163,1.5039029435156706,0.29046957708814547,0.4610917326899317,1.49999999999999,,5.615611661205347,359.54150443280275,368.5135761233754,ppo_track,False,no final hold,359.01731856487294,False
map_elites_final,10026,False,no 0.4 s hold,False,10.000000000000163,11.449107833232391,0.9332311945821562,0.6189843766920287,1.49999999999999,,6.13443706827434,362.627017863625,382.8877908116636,ppo_track,False,never inverted,364.8248047400863,False
map_elites_final,10027,False,no 0.4 s hold,False,10.000000000000163,0.804623170066726,0.7218720429800799,0.5473708166875827,1.49999999999999,,6.330523030515237,359.11163395062795,381.49556873335416,ppo_track,False,no final hold,359.7362258594714,False
map_elites_final,10028,False,no 0.4 s hold,False,10.000000000000163,9.0244962163915,0.35598098436860093,0.563696727013952,1.5399999999999892,,6.266533447201485,366.0118772258995,392.79092273609245,ppo_track,False,never inverted,368.9161133348417,False
map_elites_final,10029,False,no 0.4 s hold,False,10.000000000000163,4.616664222393424,0.4126223917649952,0.5446704657308429,1.5199999999999896,,5.825233864803241,357.5298053485836,390.9231223632957,ppo_track,False,no final hold,356.8195812608077,False
map_elites_final,10030,True,success,False,10.000000000000163,3.091396741464934,0.39611031503844146,0.6085659156828337,1.5199999999999896,9.080000000000078,5.779235699844429,357.38685001710894,376.6141537984557,ppo_track,False,no final hold,356.9987526241869,False
map_elites_final,10031,False,no 0.4 s hold,False,10.000000000000163,7.502193181467781,0.653760434300819,0.6080646959946799,1.49999999999999,,5.567904661954108,352.29358369821614,368.357666330689,ppo_track,False,no final hold,353.7796632297225,False
map_elites_final,10032,False,no 0.4 s hold,False,10.000000000000163,8.461004395024073,0.3573318991215592,0.37245529769279395,1.49999999999999,,5.96916050757894,363.05338624793745,378.69273264337573,ppo_track,False,no final hold,362.9228015515681,False
map_elites_final,10033,False,no 0.4 s hold,False,10.000000000000163,3.071935979712205,1.227374464409003,0.4757164798630338,1.5199999999999896,,5.823191343117193,357.1374686148915,387.7910638120237,ppo_track,False,never inverted,356.97516947312147,False
map_elites_final,10034,True,success,False,10.000000000000163,4.374050263250145,0.2877592149475856,0.46009084257667676,1.5199999999999896,7.659999999999857,5.819246117648366,360.2487850850848,365.5584334503733,ppo_track,False,no final hold,360.7925078730088,False
map_elites_final,10035,False,no 0.4 s hold,False,10.000000000000163,7.873415772096576,0.8517243918716797,0.44040645645126125,1.5199999999999896,,5.781657329873834,352.81756764218505,378.25510433524875,ppo_track,False,no final hold,352.3431124987198,False
map_elites_final,10036,False,no 0.4 s hold,False,10.000000000000163,9.278813447514315,0.3975150641563685,0.49810377372391407,1.5199999999999896,,6.426965181273676,365.61259740191156,366.3084801361159,ppo_track,False,no final hold,364.5490303334103,False
map_elites_final,10037,True,success,False,10.000000000000163,2.060925737228129,0.742091130016223,0.5278572798816313,1.5199999999999896,7.959999999999904,5.933260685286857,360.52105934051656,362.15677138925116,ppo_track,False,no final hold,359.3612406656449,False
map_elites_final,10038,True,success,False,10.000000000000163,12.089519587614022,0.7600974127633062,0.4448009624885926,1.49999999999999,4.339999999999922,6.242141185766403,371.72320113611215,366.5862593048804,ppo_track,False,never inverted,371.9572655727195,False
map_elites_final,10039,False,no 0.4 s hold,False,10.000000000000163,3.6901492205139803,0.15615940081680774,0.3670790936834141,1.49999999999999,,5.589106241258174,363.3443715252702,360.27123041571303,ppo_track,False,no final hold,363.66098013740674,False
map_elites_final,10040,False,no 0.4 s hold,False,10.000000000000163,6.063259869217638,0.9354604632742629,0.5769932884070571,1.5399999999999892,,5.539398806933745,359.7299292192512,377.9958121613131,ppo_track,False,no final hold,360.29738959966426,False
map_elites_final,10041,False,no 0.4 s hold,False,10.000000000000163,0.4566987406521129,0.9488236361367536,0.40874064833142437,1.5199999999999896,,5.818053444658452,360.11008681258386,373.6184725975797,ppo_track,False,no final hold,360.3965043179386,False
map_elites_final,10042,False,no 0.4 s hold,False,10.000000000000163,4.260988233982039,0.42692765628299056,0.48212831634240877,1.5199999999999896,,6.447638399809797,360.32520788518457,377.49213640494196,ppo_track,False,never inverted,362.10022800992806,False
map_elites_final,10043,True,success,False,10.000000000000163,10.043191613498923,0.5370116977098386,0.5444467362430638,1.5399999999999892,5.799999999999891,5.799603662592172,363.189295920328,393.5199240894566,ppo_track,False,no final hold,363.20348100128075,False
map_elites_final,10044,True,success,False,10.000000000000163,2.742450673589103,0.7917120414589157,0.5624458028404585,1.5399999999999892,3.3999999999999417,6.0295739037776634,361.3128614271235,392.21111044787597,ppo_track,False,never inverted,361.97362143788644,False
map_elites_final,10045,False,no 0.4 s hold,False,10.000000000000163,7.142837109364723,1.0510611059552724,0.47729070702842635,1.5199999999999896,,6.35303191666109,366.3356384956051,376.4040557038925,ppo_track,False,no final hold,365.4731952298947,False
map_elites_final,10046,True,success,False,10.000000000000163,5.750302251158561,1.1464623315235167,0.5640833504102817,1.5199999999999896,7.579999999999853,6.059427385190562,362.72074412675653,383.5816602719075,ppo_track,False,no final hold,362.7076714901789,False
map_elites_final,10047,False,no 0.4 s hold,False,10.000000000000163,8.225878966571743,0.7945237010394821,0.4592750221541154,1.5199999999999896,,5.829917902415002,351.90886775721685,386.8660385128855,ppo_track,False,no final hold,352.1436752578927,False
map_elites_final,10048,True,success,False,10.000000000000163,11.426738369721528,0.613492517862456,0.5693377698303685,1.5199999999999896,9.180000000000094,6.312965877639873,349.362881532307,377.8966578595589,ppo_track,False,no final hold,348.6827201669307,False
map_elites_final,10049,False,no 0.4 s hold,False,10.000000000000163,6.2054350550199056,0.7607663151272743,0.5739882411178133,1.5199999999999896,,5.3839335743667265,362.89773341714346,378.41516142313833,ppo_track,False,no final hold,361.96610360216806,False
bc_only,10000,False,no 0.4 s hold,False,10.000000000000163,4.551887850784394,0.4782351115287176,0.10742975521152412,0.6800000000000005,,3.752351228181522,362.72835122440404,360.589698940337,ppo_track,False,over-rotation,360.9400152977263,False
bc_only,10001,False,no 0.4 s hold,False,10.000000000000163,5.253969303245781,0.48241897019599256,0.10124445446151684,0.6800000000000005,,3.741763229954883,363.1359341330069,363.7707105543697,ppo_track,False,no final hold,361.8137814428757,False
bc_only,10002,False,no 0.4 s hold,False,10.000000000000163,8.499317784423331,0.8981128641944659,0.07909257769683012,0.6800000000000005,,3.7116429737250565,363.72615741752816,361.75179753764706,ppo_track,False,no final hold,363.5318546635711,False
bc_only,10003,False,no 0.4 s hold,False,10.000000000000163,2.911787566493215,0.8429204580362026,0.09350108214935128,0.6800000000000005,,3.7601762096838685,359.73011503676076,359.4106910898198,ppo_track,False,over-rotation,357.0906863243505,False
bc_only,10004,False,no 0.4 s hold,False,10.000000000000163,6.999223877977525,1.0782450865703235,0.14743976752720214,0.6600000000000005,,3.804746881470127,367.0076034111272,368.52029428256884,ppo_track,False,over-rotation,366.5773141258727,False
bc_only,10005,True,success,False,10.000000000000163,0.32760561097193586,0.23986025982316772,0.13095577299838387,0.6600000000000005,8.880000000000047,3.830920787240262,360.05839535355165,362.26862261004686,ppo_track,False,over-rotation,360.19402053652465,False
bc_only,10006,True,success,False,10.000000000000163,6.195416328023751,2.1175021249091164,0.16389927656727923,0.6600000000000005,4.2999999999999226,3.547607731184783,364.6356229678506,362.0534957474934,ppo_track,False,no final hold,365.13967223727883,False
bc_only,10007,False,no 0.4 s hold,False,10.000000000000163,6.209467462950558,0.2778890162943773,0.23042468926243276,0.6800000000000005,,4.0273978872792835,369.12550641027696,364.0947383320942,ppo_track,False,over-rotation,365.50262834071964,False
bc_only,10008,True,success,False,10.000000000000163,3.7603887883420226,1.026111861368208,0.16518880089339505,0.6800000000000005,8.459999999999981,3.8392175351851794,358.5739728961373,362.44573969047195,ppo_track,False,over-rotation,357.25687561051757,False
bc_only,10009,False,no 0.4 s hold,False,10.000000000000163,8.585719807521638,0.5984346269408779,0.15690963349729622,0.6800000000000005,,3.716963562778046,354.15818662338586,356.78532386737896,ppo_track,False,no final hold,353.76554060105815,False
bc_only,10010,False,no 0.4 s hold,False,10.000000000000163,4.104127746849245,0.9048162577097794,0.14485095675278467,0.6800000000000005,,3.990191819856863,357.85863042976206,366.21338325272785,ppo_track,False,over-rotation,358.5788029229106,False
bc_only,10011,False,no 0.4 s hold,False,10.000000000000163,3.347875074375973,0.6240614740978415,0.11728159896846782,0.6800000000000005,,3.7967149961649653,358.4648025001854,366.55325350938784,ppo_track,False,over-rotation,358.7292864610325,False
bc_only,10012,False,no 0.4 s hold,False,10.000000000000163,7.332211610479135,0.78614100840455,0.12316471782456621,0.6600000000000005,,3.6337528476999434,354.54163786139287,354.8004395217706,ppo_track,False,no final hold,354.4960798594773,False
bc_only,10013,False,no 0.4 s hold,False,10.000000000000163,5.349369206475855,0.5850005781296945,0.20421334086832638,0.6600000000000005,,3.817001866981024,360.9263629664429,354.00804458514114,ppo_track,False,no final hold,360.14723594955126,False
bc_only,10014,True,success,False,10.000000000000163,2.699604755350119,0.5685446736720992,0.0865720196272146,0.6800000000000005,5.859999999999889,3.663770426990621,362.7507920159165,359.562856874858,ppo_track,False,no final hold,362.6257345627816,False
bc_only,10015,False,no 0.4 s hold,False,10.000000000000163,3.812655061522897,0.45449639775725864,0.10677028922312008,0.6600000000000005,,4.120842493493126,358.954404068762,366.17650612772906,ppo_track,False,over-rotation,359.05020054914667,False
bc_only,10016,True,success,False,10.000000000000163,5.348012229141759,1.0934307356958848,0.10622895920094863,0.6800000000000005,7.699999999999863,3.825070709145771,365.51610625868017,362.41407410471874,ppo_track,False,never inverted,365.1413110571194,False
bc_only,10017,False,no 0.4 s hold,False,10.000000000000163,1.8903254310137068,0.2742069021504857,0.11230791009323961,0.6800000000000005,,4.030411670580221,359.85622280395995,375.7056215793965,ppo_track,False,over-rotation,358.6677142235804,False
bc_only,10018,True,success,False,10.000000000000163,4.715595141736082,1.1340679522427406,0.06297792844441989,0.6600000000000005,8.099999999999925,3.7575206469291125,364.080342408283,370.231078988097,ppo_track,False,over-rotation,363.6384416913798,False
bc_only,10019,False,no 0.4 s hold,False,10.000000000000163,1.0188803932188553,1.076878525240808,0.18420623763967853,0.7000000000000005,,3.7818546381879545,359.75223383552805,388.70201883763616,ppo_track,False,no final hold,359.4105064129389,False
bc_only,10020,True,success,False,10.000000000000163,2.2448777675879636,2.189943015848481,0.19650334160417504,0.6600000000000005,5.599999999999895,3.965174536105531,359.05623503439404,365.5904284836715,ppo_track,False,over-rotation,358.7226535328596,False
bc_only,10021,False,no 0.4 s hold,False,10.000000000000163,3.4066604657678177,0.37883778425370745,0.14851785829554828,0.6800000000000005,,3.9629565733556036,359.4940994661196,359.9105884398474,ppo_track,False,over-rotation,359.67224972493,False
bc_only,10022,False,no 0.4 s hold,False,10.000000000000163,5.331849185568017,0.8911703887180058,0.17646290058911904,0.6600000000000005,,3.7924215414583937,364.9969306379926,366.26730368500284,ppo_track,False,over-rotation,365.30550799944615,False
bc_only,10023,False,no 0.4 s hold,False,10.000000000000163,7.744425281493014,0.9475723953815637,0.1482988554457461,0.6600000000000005,,3.755271632275691,355.5984290505258,361.2141778077824,ppo_track,False,over-rotation,355.84041038782755,False
bc_only,10024,False,no 0.4 s hold,False,10.000000000000163,4.753579655318605,1.9924218366564794,0.20010834048951526,0.6600000000000005,,3.9964664133393426,357.72199335331135,372.54227125860484,ppo_track,False,over-rotation,356.49613369272913,False
bc_only,10025,False,no 0.4 s hold,False,10.000000000000163,3.629055586373225,0.3251797422904282,0.13381124713327022,0.6600000000000005,,3.7300824410044235,360.67285881819816,358.5380282723203,ppo_track,False,over-rotation,360.09804087223887,False
bc_only,10026,False,no 0.4 s hold,False,10.000000000000163,8.796225391643834,0.74820868463031,0.2142615436493358,0.6800000000000005,,3.796927271730029,364.4554819606824,356.0046709211123,ppo_track,False,over-rotation,363.1197201996841,False
bc_only,10027,True,success,False,10.000000000000163,3.935282765806832,0.989492173589105,0.13264252936902918,0.6800000000000005,5.219999999999903,3.9214054803929046,360.90197992829036,368.9965812313986,ppo_track,False,no final hold,360.8157231882956,False
bc_only,10028,False,no 0.4 s hold,False,10.000000000000163,4.354690802179938,0.43415852706197167,0.15038260421651042,0.7000000000000005,,3.7725516023722587,365.6163764691903,374.1925921576686,ppo_track,False,over-rotation,364.1518540546856,False
bc_only,10029,False,no 0.4 s hold,False,10.000000000000163,2.011743600062327,0.7314235149514272,0.1801807791877615,0.6600000000000005,,3.5693471692860292,359.38181089281915,361.5788161794373,ppo_track,False,over-rotation,359.8054774441374,False
bc_only,10030,True,success,False,10.000000000000163,5.0090176077105495,0.5321307651034969,0.1903190734971222,0.6600000000000005,7.639999999999854,3.7492376461122894,354.42710330600596,358.55763363855675,ppo_track,False,over-rotation,355.11268699085275,False
bc_only,10031,False,no 0.4 s hold,False,10.000000000000163,3.0518152522960507,0.7539409572971749,0.13529938848382408,0.6800000000000005,,3.6349294746819476,355.39505321551604,405.5691257695164,ppo_track,False,never inverted,356.9518112496156,False
bc_only,10032,False,no 0.4 s hold,False,10.000000000000163,4.780680198318432,0.7157936055097281,0.14624410700724208,0.6600000000000005,,3.8111641426054015,361.74011691338296,368.20536533338054,ppo_track,False,over-rotation,361.22060903212105,False
bc_only,10033,False,no 0.4 s hold,False,10.000000000000163,1.568104508947633,1.0149401199656103,0.17672102487737862,0.6600000000000005,,3.6077919920565287,362.66420589679603,360.44374209444754,ppo_track,False,over-rotation,359.431921988008,False
bc_only,10034,False,no 0.4 s hold,False,10.000000000000163,4.325106286285679,0.7845515918982967,0.13555482533632474,0.6800000000000005,,3.7242964872009345,359.0883271318611,357.9183546970686,ppo_track,False,no final hold,359.38043030846376,False
bc_only,10035,False,no 0.4 s hold,False,10.000000000000163,7.017714118782196,1.429323626073674,0.10927985203310611,0.6800000000000005,,3.8178982297822004,355.87123526041245,365.84613572285406,ppo_track,False,over-rotation,352.98241407391794,False
bc_only,10036,False,no 0.4 s hold,False,10.000000000000163,5.973869380206109,0.3492601324759934,0.0448567043922627,0.6800000000000005,,3.8791964071839216,361.4207120094656,369.33458359376993,ppo_track,False,over-rotation,362.1696030657286,False
bc_only,10037,True,success,False,10.000000000000163,2.8008658864980083,0.21778466353988554,0.09727044004804679,0.6800000000000005,7.959999999999904,3.7636303762840715,361.0452397459832,375.60293165236004,ppo_track,False,over-rotation,360.52340005503953,False
bc_only,10038,False,no 0.4 s hold,False,10.000000000000163,9.347046677638746,1.2020028453950473,0.10994038761941248,0.7000000000000005,,3.7963220801424953,369.4278382176719,382.23725008916756,ppo_track,False,over-rotation,368.803541540325,False
bc_only,10039,False,no 0.4 s hold,False,10.000000000000163,1.847570217565665,0.46998102499111905,0.08235594797662622,0.7000000000000005,,3.715254187364546,361.8379491614992,386.4959515974384,ppo_track,False,over-rotation,361.76247567385974,False
bc_only,10040,False,no 0.4 s hold,False,10.000000000000163,2.5523595880820977,1.212893798271379,0.2210126721451098,0.6800000000000005,,3.5721872346338888,362.79495984621474,362.60925939835204,ppo_track,False,over-rotation,362.41836628942747,False
bc_only,10041,False,no 0.4 s hold,False,10.000000000000163,1.799416547017607,0.9799961921586857,0.1215307032127743,0.6600000000000005,,3.7558440665662007,361.50986111706885,361.41113416366255,ppo_track,False,over-rotation,361.1229878896705,False
bc_only,10042,True,success,False,10.000000000000163,4.632629011119422,0.774261596372839,0.15506897230797062,0.6800000000000005,6.939999999999866,3.9163604239670433,363.7639568710363,357.86027725635904,ppo_track,False,no final hold,363.29924589193126,False
bc_only,10043,False,no 0.4 s hold,False,10.000000000000163,7.421272835274122,0.8302927817865371,0.11837107324661353,0.6800000000000005,,3.7515330211470594,364.8293950030403,367.27735908325525,ppo_track,False,over-rotation,362.83724469657847,False
bc_only,10044,False,no 0.4 s hold,False,10.000000000000163,2.756962124428183,1.375534508684298,0.10522259656206645,0.6800000000000005,,3.8259939649337675,362.32124543113116,372.32505985591644,ppo_track,False,over-rotation,362.16735586048975,False
bc_only,10045,False,no 0.4 s hold,False,10.000000000000163,3.2576868350750425,1.098637207824907,0.11452555077434148,0.7000000000000005,,3.6208601170389674,361.9758757938061,434.5608727267089,ppo_track,False,over-rotation,362.8625015662863,False
bc_only,10046,True,success,False,10.000000000000163,6.995615895503431,1.6142819658586136,0.15717864593902822,0.7000000000000005,8.96000000000006,3.8804612510867176,367.53392414028707,376.2790425278361,ppo_track,False,over-rotation,366.98400687982456,False
bc_only,10047,False,no 0.4 s hold,False,10.000000000000163,3.4064880358789376,0.9037212861907258,0.08962233090252747,0.6800000000000005,,3.87667972090607,356.716578846867,368.9948761644531,ppo_track,False,over-rotation,356.6768324972754,False
bc_only,10048,False,no 0.4 s hold,False,10.000000000000163,7.900355275916318,0.7200075535814865,0.15334196465194455,0.7000000000000005,,3.6313912621708946,353.9490312846229,369.57843435317636,ppo_track,False,over-rotation,352.440039969397,False
bc_only,10049,True,success,False,10.000000000000163,4.981357771825787,0.8455151443948498,0.2168222074223325,0.6800000000000005,3.8799999999999315,3.768757404756424,362.9751507298656,360.163293341234,ppo_track,False,no final hold,361.9279734710931,False
bc_ppo,10000,True,success,False,10.000000000000163,1.427790489697613,0.36647313001580767,0.0,0.6200000000000004,2.3799999999999635,3.4831649640588855,359.20755360216225,378.7910002627471,ppo_track,True,success,359.82057151279037,False
bc_ppo,10001,True,success,False,10.000000000000163,2.0485938332352673,0.4098767611088211,0.0,0.6000000000000004,2.1799999999999677,3.525269528717597,359.49291980766424,375.0362715856515,ppo_track,False,never inverted,360.9290594608101,False
bc_ppo,10002,True,success,False,10.000000000000163,2.446290158541366,0.3815560018126726,0.0,0.6200000000000004,2.3799999999999635,3.391522191838554,360.6834932010613,384.18034890250505,ppo_track,True,success,361.5246491776102,False
bc_ppo,10003,True,success,False,10.000000000000163,1.6041376596251766,0.2193765943199199,0.0,0.6000000000000004,2.7999999999999545,3.442384864966562,357.9742945593412,386.64434049683575,ppo_track,False,no final hold,358.403917470529,False
bc_ppo,10004,True,success,False,10.000000000000163,3.5579550045441612,0.3031218312061913,0.0,0.6000000000000004,2.019999999999971,3.547697991242409,363.1829317933234,397.16213236104807,ppo_track,False,over-rotation,363.5566998056628,False
bc_ppo,10005,True,success,False,10.000000000000163,1.7831767726811694,0.4492007415294552,0.0,0.6000000000000004,1.5999999999999797,3.55386089582295,358.0454553175806,391.8132595314671,ppo_track,True,success,358.6354142529982,False
bc_ppo,10006,True,success,False,10.000000000000163,2.967323568159704,0.9147850550938598,0.0,0.6000000000000004,1.5999999999999797,3.330968861289362,362.0647865052249,390.44565063695694,ppo_track,False,no final hold,362.9551191407599,False
bc_ppo,10007,True,success,False,10.000000000000163,3.462483457087144,0.5136768441116347,0.0,0.6000000000000004,2.2799999999999656,3.5603561063528315,362.9053625876373,383.76486135298205,ppo_track,True,success,363.01408532668967,False
bc_ppo,10008,True,success,False,10.000000000000163,1.3374067033481063,0.4207972593194622,0.0,0.6000000000000004,1.3799999999999844,3.42863868585596,358.6096363422204,391.3751415215951,ppo_track,True,success,359.2796307715629,False
bc_ppo,10009,True,success,False,10.000000000000163,2.30888911744323,0.37424208331119535,0.0,0.6000000000000004,2.4599999999999618,3.5399033066829424,359.1729383937687,380.55131756438044,ppo_track,False,no final hold,359.9358682059953,False
bc_ppo,10010,True,success,False,10.000000000000163,2.499148846471653,0.39869438532400764,0.0,0.6000000000000004,1.5999999999999797,3.5521207122829006,358.13009942161904,387.03679455775733,ppo_track,True,success,358.6606061411476,False
bc_ppo,10011,True,success,False,10.000000000000163,1.4554930693076238,0.38616247845563867,0.0,0.6000000000000004,1.6199999999999792,3.444657893237117,358.88835898325,397.99585120575364,ppo_track,False,no final hold,359.3427255814234,False
bc_ppo,10012,True,success,False,10.000000000000163,2.2209263030356983,0.24229027750740895,0.0,0.6000000000000004,1.0799999999999907,3.537258927236877,357.95052758202536,385.52480008026,ppo_track,True,success,358.2519425057694,False
bc_ppo,10013,True,success,False,10.000000000000163,2.7722168950892248,0.40393939056749795,0.0,0.6000000000000004,2.6999999999999567,3.596285057850404,361.58941510575403,385.0115170232444,ppo_track,False,no final hold,361.8331301504187,False
bc_ppo,10014,True,success,False,10.000000000000163,0.7776486674701742,0.23139979194955876,0.0,0.6200000000000004,1.539999999999981,3.4100888228996253,360.1558912160763,388.5010255803397,ppo_track,True,success,360.7774310078336,False
bc_ppo,10015,True,success,False,10.000000000000163,1.393660473824785,0.10483796075139509,0.0,0.6000000000000004,1.7999999999999758,3.749368160166531,358.6541588343608,390.4125927155876,ppo_track,False,no final hold,359.07194632103614,False
bc_ppo,10016,True,success,False,10.000000000000163,3.277957119050467,0.5820675519903765,0.0,0.6000000000000004,1.6799999999999784,3.558263883647266,362.6953761110552,380.435887819982,ppo_track,True,success,363.2742790685998,False
bc_ppo,10017,True,success,False,10.000000000000163,1.5339731258489744,0.2743361923219026,0.0,0.6200000000000004,2.259999999999966,3.6062762839189424,357.7848711687523,392.01438877907884,ppo_track,False,no final hold,358.4662712492268,False
bc_ppo,10018,True,success,False,10.000000000000163,1.606128532443297,0.4657060541604774,0.0,0.6200000000000004,1.3599999999999848,3.495200014881619,359.994744456086,398.0836887497397,ppo_track,False,no final hold,360.3525544698312,False
bc_ppo,10019,True,success,False,10.000000000000163,2.0550378740376276,0.27930346235177433,0.0,0.6200000000000004,2.019999999999971,3.5517098490978283,360.1409026339653,377.8398479117577,ppo_track,False,no final hold,360.33425307685565,False
bc_ppo,10020,True,success,False,10.000000000000163,1.533266290639918,0.7613177431806541,0.0,0.6000000000000004,1.4599999999999826,3.33479668279435,357.8487537244874,398.0304356948395,ppo_track,False,no final hold,358.4989178177691,False
bc_ppo,10021,True,success,False,10.000000000000163,2.8772375408058655,0.11867958306870559,0.0,0.6200000000000004,1.57999999999998,3.377809810721658,360.05833602744514,388.4062387609006,ppo_track,False,no final hold,360.4225758182252,False
bc_ppo,10022,True,success,False,10.000000000000163,2.1738692468255283,0.4028186858644683,0.0,0.6200000000000004,1.5199999999999814,3.1726916044080586,361.6078932034825,398.25885513856866,ppo_track,False,no final hold,361.9644217777495,False
bc_ppo,10023,True,success,False,10.000000000000163,4.217869426617918,0.10531037135021526,0.0,0.6200000000000004,0.9199999999999943,3.4242653057318035,358.41590914530343,394.0184947030609,ppo_track,False,no final hold,359.2464943228252,False
bc_ppo,10024,True,success,False,10.000000000000163,2.4616825811670306,0.5634795216871178,0.0,0.6200000000000004,3.4599999999999405,3.440920227249069,356.64187736517096,394.1512542334363,ppo_track,False,no final hold,357.69775892163017,False
bc_ppo,10025,True,success,False,10.000000000000163,0.8146860019400017,0.1543235145533661,0.0,0.6000000000000004,1.399999999999984,3.372600212271411,360.31726612565046,394.2131734949596,ppo_track,False,no final hold,360.7914345196763,False
bc_ppo,10026,True,success,False,10.000000000000163,3.5852138032374214,0.5966995440549133,0.0,0.6000000000000004,1.8199999999999754,3.5554115995597346,359.85949942504755,384.2181155540776,ppo_track,False,no final hold,360.4422385348941,False
bc_ppo,10027,True,success,False,10.000000000000163,1.3311981867353997,0.36128114140331563,0.0,0.6000000000000004,2.6199999999999584,3.573501645551982,359.10721375968257,382.05061768111403,ppo_track,False,no final hold,359.9084078601041,False
bc_ppo,10028,True,success,False,10.000000000000163,3.3892997553842137,0.2886963788067819,0.0,0.6000000000000004,0.9199999999999943,3.2258631939304143,362.40498511976506,390.55675615227585,ppo_track,True,success,362.89744200515804,False
bc_ppo,10029,True,success,False,10.000000000000163,0.580484411762612,0.41706422698761186,0.0,0.6000000000000004,1.399999999999984,3.4132792366781866,359.71927584759425,391.82429868753275,ppo_track,False,no final hold,360.1757400194275,False
bc_ppo,10030,True,success,False,10.000000000000163,3.006746864947043,0.2728614419078783,0.0,0.6000000000000004,0.9999999999999926,3.590895195828633,356.75059901459053,381.9933078618182,ppo_track,True,success,357.465866444977,False
bc_ppo,10031,True,success,False,10.000000000000163,3.3204729502912484,0.38692573215396153,0.0,0.6000000000000004,1.7399999999999771,3.6174185892527198,355.8466925984144,381.20525714377067,ppo_track,True,success,356.68653055026255,False
bc_ppo,10032,True,success,False,10.000000000000163,3.8665296599314996,0.13340585887615974,0.0,0.6200000000000004,1.7399999999999771,3.6039597106370183,360.2980107033134,386.50871534673473,ppo_track,False,no final hold,360.9260239004543,False
bc_ppo,10033,True,success,False,10.000000000000163,0.9488346247853985,0.5548174418065881,0.0,0.6200000000000004,1.6199999999999792,3.3362344580944683,359.0816744688474,394.21839467187783,ppo_track,True,success,359.1056511912102,False
bc_ppo,10034,True,success,False,10.000000000000163,1.9121716305839105,0.3623136345228233,0.0,0.6000000000000004,1.8199999999999754,3.460071579494513,360.56780817863915,382.5851371243314,ppo_track,True,success,360.3259899757117,False
bc_ppo,10035,True,success,False,10.000000000000163,3.069921876041626,0.6469638644977871,0.0,0.6200000000000004,1.5599999999999805,3.4658976812875304,356.36613388380755,392.2057027139354,ppo_track,True,success,357.0057799651504,False
bc_ppo,10036,True,success,False,10.000000000000163,4.816353894443179,0.10828411846277444,0.0,0.6200000000000004,2.3799999999999635,3.4986342616651847,361.8579057078846,384.0067570147037,ppo_track,True,success,362.56407459773527,False
bc_ppo,10037,True,success,False,10.000000000000163,1.4090374188788894,0.2777085092489981,0.0,0.6200000000000004,2.2799999999999656,3.523954854951773,360.2920797306094,383.95201831966887,ppo_track,True,success,360.5794140464861,False
bc_ppo,10038,True,success,False,10.000000000000163,3.369511466235006,0.41816548265252257,0.0,0.6200000000000004,0.9399999999999938,3.333919391514537,362.84991381417257,383.70811198787976,ppo_track,True,success,363.25504690558677,False
bc_ppo,10039,True,success,False,10.000000000000163,1.4197603393720564,0.08613594241387001,0.0,0.6000000000000004,2.1999999999999673,3.547587985676071,359.87926132953703,374.5724278932677,ppo_track,True,success,361.0493745303306,False
bc_ppo,10040,True,success,False,10.000000000000163,2.5784520419243218,0.5693901430041703,0.0,0.6200000000000004,1.2799999999999865,3.2659544114978734,359.51579846989154,393.8118788120083,ppo_track,False,no final hold,359.9181524349131,False
bc_ppo,10041,True,success,False,10.000000000000163,1.3959378715609976,0.15167501462144756,0.0,0.6000000000000004,2.019999999999971,3.5688424904102907,358.5493581031757,380.6752264314057,ppo_track,True,success,359.15598954171986,False
bc_ppo,10042,True,success,False,10.000000000000163,0.813430541417544,0.2884349193323412,0.0,0.6000000000000004,2.3199999999999648,3.4996334594258216,359.6540751844003,384.13825549155706,ppo_track,False,no final hold,360.5494508461157,False
bc_ppo,10043,True,success,False,10.000000000000163,1.5137139911086404,0.2380398426535503,0.0,0.6200000000000004,1.6399999999999793,3.4480044856066057,359.09415911577133,393.6537296003432,ppo_track,True,success,359.92563004069194,False
bc_ppo,10044,True,success,False,10.000000000000163,1.5330838305246284,0.41427690170367576,0.0,0.6200000000000004,0.979999999999993,3.398492390028787,359.9380838106409,391.3970409078794,ppo_track,True,success,360.640047402207,False
bc_ppo,10045,True,success,False,10.000000000000163,1.812108843231521,0.443167612574931,0.0,0.6200000000000004,1.9599999999999724,3.366308318416527,359.6275330495718,382.70713989210043,ppo_track,False,no final hold,360.6280563941955,False
bc_ppo,10046,True,success,False,10.000000000000163,2.3092301570509224,0.5062108212841782,0.0,0.6200000000000004,2.2399999999999665,3.5401206887542855,361.4264644476163,384.9635025357353,ppo_track,False,no final hold,362.2570523505338,False
bc_ppo,10047,True,success,False,10.000000000000163,3.1705408126117915,0.6148978758358776,0.0,0.6000000000000004,1.1999999999999882,3.35845554535525,356.6747278867852,393.92601950344454,ppo_track,True,success,357.5079675863722,False
bc_ppo,10048,True,success,False,10.000000000000163,4.27748236668645,0.3563663618282988,0.0,0.6200000000000004,1.839999999999975,3.5481193100509008,355.29285953216566,374.1914985028943,ppo_track,True,success,355.72253952315447,False
bc_ppo,10049,True,success,False,10.000000000000163,2.4132167986538056,0.41539679090776616,0.0,0.6000000000000004,1.4999999999999818,3.3935852882239526,360.4307749098225,388.7090115145247,ppo_track,True,success,361.2240111460353,False
ppo_mtr,10000,True,success,False,10.000000000000163,1.1198712378517304,0.5474568972658014,0.14772087617427287,0.4800000000000003,8.940000000000056,14.010405926563543,359.13809940159325,352.01065993721784,ppo_track,False,no final hold,359.3846989986597,False
ppo_mtr,10001,False,no 0.4 s hold,False,10.000000000000163,1.5177913668093872,1.3831451130337322,0.17543766718248036,0.4800000000000003,,14.56710148808105,360.4747280882677,352.32761549400306,ppo_track,False,no final hold,360.54831331209,False
ppo_mtr,10002,False,no 0.4 s hold,False,10.000000000000163,1.391610251734967,0.21827072142087667,0.17184912206989625,0.4800000000000003,,13.908675656427619,360.6228664453007,352.55882349637534,ppo_track,False,no final hold,360.73819479416335,False
ppo_mtr,10003,False,no 0.4 s hold,False,10.000000000000163,0.9841021332425135,1.0058565389186673,0.13589018025156924,0.4800000000000003,,14.342396682798956,358.8931648376461,352.12491743394366,ppo_track,False,no final hold,359.27956740412094,False
ppo_mtr,10004,False,no 0.4 s hold,False,10.000000000000163,1.6358573443620235,1.1195823563055962,0.11601731537144425,0.4800000000000003,,13.538022583123388,360.8113814621833,351.6911536074015,ppo_track,False,no final hold,360.9119844005128,False
ppo_mtr,10005,False,no 0.4 s hold,False,10.000000000000163,2.492053313539854,0.579137594263892,0.08808446486126625,0.5000000000000003,,14.614523430897298,358.2940100156849,351.9503074069564,ppo_track,False,no final hold,358.21812310429016,False
ppo_mtr,10006,False,no 0.4 s hold,False,10.000000000000163,2.876806771427167,0.46934393450234424,0.10693995050035249,0.4800000000000003,,13.859758196751397,362.73622770780855,352.31868121823766,ppo_track,False,no final hold,362.8090091106355,False
ppo_mtr,10007,False,no 0.4 s hold,False,10.000000000000163,2.5354063691891517,1.4893082030841063,0.1973024019393232,0.4600000000000003,,13.96657967876063,362.6261201471941,351.5312717057673,ppo_track,False,no final hold,362.43765637690564,False
ppo_mtr,10008,True,success,False,10.000000000000163,0.6617222092125397,0.7269714906529857,0.17726438653491286,0.5000000000000003,2.259999999999966,14.661749032506954,360.35395481046623,352.7783694848904,ppo_track,False,no final hold,359.52022239123664,False
ppo_mtr,10009,True,success,False,10.000000000000163,2.444725150833826,1.013536751448165,0.18239613292170212,0.4800000000000003,2.7599999999999554,13.417091060327134,358.7757872785216,351.74906775899484,ppo_track,False,no final hold,359.2494514874295,False
ppo_mtr,10010,True,success,False,10.000000000000163,1.524098057828174,0.5741746526356657,0.14739212030714033,0.4800000000000003,1.6799999999999784,13.691681267678648,358.5406436932995,352.7656779729057,ppo_track,False,no final hold,359.0841643369397,False
ppo_mtr,10011,True,success,False,10.000000000000163,1.2591492726297915,0.2902140204148452,0.1600000479861616,0.4800000000000003,2.119999999999969,14.081819212853146,360.5003542878655,351.8687480852511,ppo_track,False,no final hold,360.045231949329,False
ppo_mtr,10012,True,success,False,10.000000000000163,2.0603313438848043,0.5540328427939961,0.11297229688363439,0.5000000000000003,1.299999999999986,13.493857461154802,358.02773782367774,352.6922879343898,ppo_track,False,no final hold,358.90750578934876,False
ppo_mtr,10013,True,success,False,10.000000000000163,1.7400882901606165,0.2755010770680464,0.14920869384217314,0.4600000000000003,3.299999999999944,14.080131550142454,359.9894044992812,352.39252002045674,ppo_track,False,no final hold,359.81916434716584,False
ppo_mtr,10014,True,success,False,10.000000000000163,0.3489528272640234,0.5631820191501129,0.1509475269719195,0.4800000000000003,2.959999999999951,13.878985295427189,360.0272658533606,351.8992545902841,ppo_track,False,no final hold,360.2649636437032,False
ppo_mtr,10015,True,success,False,10.000000000000163,3.5797082879134083,0.7106254592863197,0.13566221417895655,0.4800000000000003,1.5999999999999797,14.473628851916452,356.44240283806903,353.32661235211015,ppo_track,False,no final hold,356.43265766653843,False
ppo_mtr,10016,True,success,False,10.000000000000163,3.088696635701922,0.4613338414686342,0.15445948689665498,0.4800000000000003,5.659999999999894,14.337739280475256,362.71462480109346,352.21725306634715,ppo_track,False,no final hold,362.8662716040645,False
ppo_mtr,10017,True,success,False,10.000000000000163,3.6957007721119473,0.6077805731509619,0.20283068357661596,0.4800000000000003,4.499999999999918,13.714040613115909,356.1758150519133,352.0746664077955,ppo_track,False,no final hold,356.4955409586318,False
ppo_mtr,10018,True,success,False,10.000000000000163,2.3502862103137447,0.36538245948447845,0.10530690490216094,0.5000000000000003,1.1999999999999882,14.077989656769521,361.7378777474157,352.30040211971584,ppo_track,False,no final hold,361.42797884970025,False
ppo_mtr,10019,True,success,False,10.000000000000163,2.743360069003992,0.6019823797391813,0.18107104605545352,0.4600000000000003,5.3599999999999,14.149342878067475,361.2322345994558,351.57048018863884,ppo_track,False,no final hold,360.4656483249574,False
ppo_mtr,10020,True,success,False,10.000000000000163,1.6264277641582172,0.4815433830767582,0.12799539932356627,0.5000000000000003,2.819999999999954,14.189796700776899,358.55949327448735,352.417145463778,ppo_track,False,no final hold,358.50749812100725,False
ppo_mtr,10021,False,no 0.4 s hold,False,10.000000000000163,1.8184380020492203,0.927659781441657,0.1804096888360842,0.4800000000000003,,14.1774044850686,358.0460688269762,351.92387398085606,ppo_track,False,no final hold,358.33369733157264,False
ppo_mtr,10022,True,success,False,10.000000000000163,1.3994237562355176,0.5672173285737664,0.11994897362808753,0.4800000000000003,1.6199999999999792,14.014955628449023,360.1538813665225,351.7400593045012,ppo_track,False,no final hold,360.2503951617722,False
ppo_mtr,10023,False,no 0.4 s hold,False,10.000000000000163,3.377729786015604,0.4620228221799426,0.1182585386888524,0.5000000000000003,,14.45396250949615,358.53985774283706,352.59544656651667,ppo_track,False,no final hold,358.68304283209324,False
ppo_mtr,10024,False,no 0.4 s hold,False,10.000000000000163,1.1232766792688946,0.5210039401436134,0.1355099993570433,0.4800000000000003,,14.699221474124048,360.0760329049654,352.74032457452984,ppo_track,False,no final hold,359.58256052876436,False
ppo_mtr,10025,True,success,False,10.000000000000163,1.119095212017938,0.15385444778215537,0.13718544646344172,0.4600000000000003,1.9399999999999729,13.38593609558673,360.187882486326,352.3051479474907,ppo_track,False,no final hold,360.06206715099506,False
ppo_mtr,10026,True,success,False,10.000000000000163,4.916284411050488,0.9689040763029924,0.14218771883727915,0.4600000000000003,6.4599999999998765,13.91474655856613,360.1665362842845,352.5074502292679,ppo_track,False,no final hold,359.95388458807633,False
ppo_mtr,10027,True,success,False,10.000000000000163,1.82773090830082,0.8591922828916247,0.17144801580482497,0.4800000000000003,4.2999999999999226,14.109381232586934,358.36134052861564,351.6060009371595,ppo_track,False,no final hold,358.78119445037436,False
ppo_mtr,10028,True,success,False,10.000000000000163,4.009531195671336,0.31840800811371645,0.14270762346624488,0.5000000000000003,7.039999999999864,13.566196889868452,363.50454440837416,352.7309258213605,ppo_track,False,no final hold,363.80986304039374,False
ppo_mtr,10029,True,success,False,10.000000000000163,1.2812869741177788,0.6539788044696284,0.1125941226760563,0.5000000000000003,0.9599999999999934,14.223589288978136,358.89678407596585,351.96405898120554,ppo_track,False,no final hold,358.988555688797,False
ppo_mtr,10030,True,success,False,10.000000000000163,2.9387072052824834,0.8950595903712487,0.13249675518206044,0.4800000000000003,1.7999999999999758,13.964516011613147,358.2436026684088,351.87033780294087,ppo_track,False,no final hold,358.21963956101285,False
ppo_mtr,10031,True,success,False,10.000000000000163,3.541344400587846,0.32919378034221164,0.16194447647606286,0.4600000000000003,3.0399999999999494,13.863306997445159,356.48139205015,353.04033200849085,ppo_track,False,no final hold,356.4718362880264,False
ppo_mtr,10032,True,success,False,10.000000000000163,3.84726120902659,0.7370560692374309,0.0970613122111609,0.4800000000000003,8.940000000000056,14.164523461623912,361.03029023414217,353.27957770338037,ppo_track,False,no final hold,361.0089783464387,False
ppo_mtr,10033,True,success,False,10.000000000000163,2.5096278179129605,0.9989171200458772,0.1398050500420453,0.5000000000000003,1.11999999999999,13.989327571076334,357.47648087699605,352.25322251327253,ppo_track,False,no final hold,357.8313636023935,False
ppo_mtr,10034,False,no 0.4 s hold,False,10.000000000000163,1.8329307898594418,0.6000271250363288,0.12128996349561261,0.4800000000000003,,13.539323133861677,359.08171864762306,351.87527091145455,ppo_track,False,no final hold,359.19196408774536,False
ppo_mtr,10035,True,success,False,10.000000000000163,2.45755845177877,1.3762053569636068,0.17502102396688327,0.4600000000000003,6.75999999999987,13.602957881937256,359.89017089819555,351.6191459823353,ppo_track,False,no final hold,359.9706689492037,False
ppo_mtr,10036,True,success,False,10.000000000000163,3.1784091985850926,0.7935619864928131,0.21368040816362124,0.4600000000000003,8.51999999999999,14.024835557789443,361.66954691479896,352.8082046952808,ppo_track,False,no final hold,361.264642072323,False
ppo_mtr,10037,True,success,False,10.000000000000163,1.7018895997702472,0.691476152149618,0.16893635469123913,0.4800000000000003,7.199999999999861,14.228204947897034,360.6325511517039,352.01041624002966,ppo_track,False,no final hold,360.3843074614618,False
ppo_mtr,10038,True,success,False,10.000000000000163,2.592183613752662,0.16086138755858145,0.15130685347138784,0.4800000000000003,2.6199999999999584,13.642229040232314,362.08457869440554,351.8858573340098,ppo_track,False,no final hold,362.5139366863279,False
ppo_mtr,10039,True,success,False,10.000000000000163,1.417646277500202,0.6933179228497082,0.16508750080337356,0.5000000000000003,2.359999999999964,13.469589536742172,360.49931905814606,352.2904956709226,ppo_track,False,no final hold,361.04487159552235,False
ppo_mtr,10040,True,success,False,10.000000000000163,1.6868453695072447,1.0671648942606842,0.16619219959053835,0.5000000000000003,1.8199999999999754,13.448952726630534,360.14491586794645,352.7018366595314,ppo_track,False,no final hold,360.43807437490614,False
ppo_mtr,10041,True,success,False,10.000000000000163,1.207245431011028,0.2906541066321911,0.16289136426779458,0.4600000000000003,0.6599999999999998,13.999308085742875,360.5938627533621,351.5289225362115,ppo_track,False,no final hold,360.83172736257217,False
ppo_mtr,10042,True,success,False,10.000000000000163,1.1145305496778313,0.644730513661425,0.141988608451102,0.4600000000000003,2.2799999999999656,14.503896376333662,360.40884780249314,352.5259474998022,ppo_track,False,no final hold,360.3114223968453,False
ppo_mtr,10043,True,success,False,10.000000000000163,1.7501240841393417,0.506654149543044,0.13191893604057806,0.5000000000000003,3.95999999999993,13.699258358984144,359.99868916668186,352.63074596065485,ppo_track,False,no final hold,360.0326676470482,False
ppo_mtr,10044,True,success,False,10.000000000000163,1.0336976511909404,0.6450815987568495,0.17689768017386137,0.4800000000000003,5.159999999999904,13.46548712949585,360.9806266402459,352.9155800801963,ppo_track,False,no final hold,360.9093538639711,False
ppo_mtr,10045,True,success,False,10.000000000000163,1.7455662708795547,0.5898159695979305,0.16311523744563566,0.4800000000000003,1.1999999999999882,13.388948897848227,362.02284654849245,352.6100860485865,ppo_track,True,success,361.7451992778638,False
ppo_mtr,10046,True,success,False,10.000000000000163,1.211913941174674,0.49446863321233087,0.23284428261321422,0.4800000000000003,6.679999999999872,13.469425466764257,360.9233704478181,351.5426068388544,ppo_track,False,no final hold,360.8747283308821,False
ppo_mtr,10047,True,success,False,10.000000000000163,0.9838736261104579,0.9243668022551736,0.1323451353080155,0.4800000000000003,6.539999999999875,14.369190665013452,359.45188814735064,352.0760512027809,ppo_track,False,no final hold,360.0426939841612,False
ppo_mtr,10048,True,success,False,10.000000000000163,3.300637575742719,0.7820466168580118,0.1372151637951882,0.4800000000000003,6.199999999999882,13.891773383882166,356.4257174999685,352.1094070351003,ppo_track,False,no final hold,356.72148961716414,False
ppo_mtr,10049,True,success,False,10.000000000000163,1.2923396112183356,0.14134593816681698,0.15909878926756432,0.4600000000000003,3.95999999999993,13.906371282135739,358.7989075285782,351.52551323410773,ppo_track,False,no final hold,358.83843613286564,False
ppo_mtr_motors,10000,True,success,False,10.000000000000163,2.0746261234726684,0.4411736855346466,0.18172503731073847,0.5000000000000003,1.3399999999999852,6.192975286831903,358.7763190856281,352.61410677794055,ppo_track,False,no final hold,360.2312350915119,False
ppo_mtr_motors,10001,True,success,False,10.000000000000163,1.8628838608903102,0.7452635662374661,0.17081082926564375,0.4600000000000003,2.3199999999999648,5.883998053587309,359.8444802638967,352.53123223749014,ppo_track,False,no final hold,360.96338112253625,False
ppo_mtr_motors,10002,True,success,False,10.000000000000163,2.082850860335795,0.43815255008489695,0.17895479121928262,0.4800000000000003,1.0599999999999912,5.73210665563453,360.29913435350215,351.8532833137312,ppo_track,False,no final hold,361.27150400167835,False
ppo_mtr_motors,10003,True,success,False,10.000000000000163,3.3316558405976022,0.5152489437059561,0.16138142669633046,0.4800000000000003,4.059999999999928,5.875473923210878,354.61752585894106,352.1742911222837,ppo_track,False,no final hold,356.6685382174182,False
ppo_mtr_motors,10004,True,success,False,10.000000000000163,3.807266741042632,0.8444998041034618,0.18196356052966764,0.5000000000000003,2.019999999999971,6.041981552737504,362.4362217242018,351.48147672612157,ppo_track,False,no final hold,363.80187636537045,False
ppo_mtr_motors,10005,True,success,False,10.000000000000163,1.3806866986525341,0.8039266810138418,0.13293284971126554,0.5000000000000003,0.979999999999993,6.282150498236918,357.8335686791167,352.46489466628503,ppo_track,False,no final hold,358.6480442817638,False
ppo_mtr_motors,10006,True,success,False,10.000000000000163,4.232326680723737,1.2092061326000294,0.15198138429043795,0.4600000000000003,0.7999999999999968,5.738883086159056,363.0599793218924,351.51003088794846,ppo_track,False,no final hold,364.23178328956175,False
ppo_mtr_motors,10007,True,success,False,10.000000000000163,4.4045166663526,0.737337575337379,0.20697507330200293,0.4800000000000003,4.499999999999918,6.304245980243698,363.19219987934804,352.8716082782095,ppo_track,False,no final hold,364.4036024405323,False
ppo_mtr_motors,10008,True,success,False,10.000000000000163,2.0873871046601407,0.5079392554052921,0.1824518720567628,0.5000000000000003,2.119999999999969,5.842423770165006,357.38667100556864,352.5908472743625,ppo_track,False,no final hold,358.0184249210199,False
ppo_mtr_motors,10009,True,success,False,10.000000000000163,2.004769354010661,1.1651751802957369,0.20756687866152004,0.4600000000000003,2.6999999999999567,5.96673191275032,357.3765390162002,351.4579928989897,ppo_track,False,no final hold,358.4544328375764,False
ppo_mtr_motors,10010,True,success,False,10.000000000000163,1.2829966727821496,0.41935122218991727,0.18820952873199534,0.5000000000000003,1.6799999999999784,6.003323868798373,358.37131275145975,351.45056536040784,ppo_track,False,no final hold,359.50446984909416,False
ppo_mtr_motors,10011,True,success,False,10.000000000000163,1.533596369254511,0.41462845919988106,0.1817454522249639,0.5000000000000003,1.7999999999999758,5.775151929598532,358.7349975328828,352.3396964430869,ppo_track,False,no final hold,360.02682902338296,False
ppo_mtr_motors,10012,True,success,False,10.000000000000163,3.7638338839155208,0.7669174271331588,0.15716034025384085,0.4800000000000003,1.0799999999999907,6.167452981500982,355.2211375612729,352.28290515908037,ppo_track,False,no final hold,356.5066086744537,False
ppo_mtr_motors,10013,True,success,False,10.000000000000163,2.5236057466883164,0.4178729326394927,0.1863982611264428,0.4600000000000003,2.7199999999999562,5.352920595782633,360.78019129550773,352.2783215828034,ppo_track,False,no final hold,361.8360244874338,False
ppo_mtr_motors,10014,True,success,False,10.000000000000163,0.6020438587217355,0.45868596654979454,0.1789652545168326,0.4800000000000003,2.919999999999952,5.773915107455588,359.25257190815546,352.8562146892565,ppo_track,False,no final hold,360.5877755784785,False
ppo_mtr_motors,10015,True,success,False,10.000000000000163,1.5278926432987028,0.4098328064553758,0.17652479449652858,0.5000000000000003,1.9399999999999729,5.739154648533467,357.3001255024763,351.5099423335112,ppo_track,False,no final hold,358.52118468270965,False
ppo_mtr_motors,10016,True,success,False,10.000000000000163,4.655786758728558,0.4656402443518179,0.1726677147519712,0.5000000000000003,1.11999999999999,5.681003626370625,363.60547252013424,351.5812779516585,ppo_track,False,no final hold,364.3978588342227,False
ppo_mtr_motors,10017,True,success,False,10.000000000000163,2.3925729895631807,0.3956832654934559,0.20746776245198717,0.5000000000000003,3.0799999999999486,6.040605714444115,357.8181850854371,352.4156137376589,ppo_track,False,no final hold,358.69936960742785,False
ppo_mtr_motors,10018,True,success,False,10.000000000000163,2.2169641766539327,0.20644023806960324,0.15822365892525778,0.5000000000000003,3.0399999999999494,5.954503401742085,360.2553438972761,352.0961930554437,ppo_track,False,no final hold,361.40761474153095,False
ppo_mtr_motors,10019,True,success,False,10.000000000000163,1.53298815036977,0.1540022460923987,0.1986795862985983,0.4600000000000003,2.1399999999999686,5.804617061128574,358.6407539512373,352.5610785771373,ppo_track,False,no final hold,359.69796499012006,False
ppo_mtr_motors,10020,True,success,False,10.000000000000163,1.2898087885045362,0.6241541176147448,0.1745959844532662,0.5000000000000003,2.019999999999971,5.667566535484772,357.6383968560136,351.75221504338487,ppo_track,False,no final hold,358.7768470983592,False
ppo_mtr_motors,10021,True,success,False,10.000000000000163,1.681720995955619,0.48187324979504353,0.19675356692422524,0.5000000000000003,8.760000000000028,6.223597158596388,357.17728427089895,352.49197068683776,ppo_track,False,no final hold,358.7136199033426,False
ppo_mtr_motors,10022,True,success,False,10.000000000000163,3.874245480472442,0.5120504513603222,0.14150318998467543,0.4800000000000003,3.159999999999947,5.824226266211291,362.6984779847495,352.5564546235075,ppo_track,False,no final hold,363.71151829270167,False
ppo_mtr_motors,10023,True,success,False,10.000000000000163,3.557400317046466,0.1814028647758828,0.15319488621567276,0.5000000000000003,1.5599999999999805,5.649646131988609,355.93316306658596,353.03527700820234,ppo_track,False,no final hold,357.57700142443844,False
ppo_mtr_motors,10024,True,success,False,10.000000000000163,2.649195007478216,0.49677335489528035,0.158134729421668,0.5000000000000003,5.079999999999906,5.56525937184666,356.2309641890109,352.4196391467703,ppo_track,False,no final hold,357.3519344556973,False
ppo_mtr_motors,10025,True,success,False,10.000000000000163,0.2563954082392558,0.6461887870302083,0.16584349571389542,0.4800000000000003,1.4999999999999818,6.047973604095327,358.894863413057,352.2890993522575,ppo_track,False,no final hold,360.0883233455534,False
ppo_mtr_motors,10026,True,success,False,10.000000000000163,4.753807558512327,1.0292294237113855,0.1875813370821676,0.4800000000000003,1.9399999999999729,5.577472559816879,362.2636602357606,352.36446579222763,ppo_track,False,no final hold,363.2792715416466,False
ppo_mtr_motors,10027,True,success,False,10.000000000000163,0.3818192526168637,0.4834983629136475,0.1987628884773193,0.5000000000000003,1.0399999999999916,5.919861783400618,358.8445160359214,352.2211654051359,ppo_track,False,no final hold,359.62718094312584,False
ppo_mtr_motors,10028,True,success,False,10.000000000000163,6.506054353519698,0.11563673708175115,0.1990826806687429,0.5000000000000003,0.8999999999999947,5.78785787351491,364.41571787665356,351.90605752312763,ppo_track,False,no final hold,366.37155132441274,False
ppo_mtr_motors,10029,True,success,False,10.000000000000163,1.417104107785407,0.4422496367142719,0.16192207946589357,0.5000000000000003,0.6400000000000002,5.821146134344193,357.115076820571,352.2009317720424,ppo_track,False,no final hold,358.60862248388526,False
ppo_mtr_motors,10030,True,success,False,10.000000000000163,1.9771077073426448,0.418487304847425,0.14363798735702532,0.4800000000000003,0.8999999999999947,5.8659628613111625,356.3075553811199,351.80106245989464,ppo_track,False,no final hold,358.1245179397643,False
ppo_mtr_motors,10031,True,success,False,10.000000000000163,3.2210996205453823,0.3697462827767462,0.16447440590937334,0.4800000000000003,2.9799999999999507,6.079161292568098,355.4540296701512,352.440617077911,ppo_track,False,no final hold,356.82175943654846,False
ppo_mtr_motors,10032,True,success,False,10.000000000000163,2.5167343866008167,0.44168013318628413,0.1586126637603223,0.5000000000000003,1.439999999999983,6.072394071169798,360.55389438476027,352.1677282708583,ppo_track,False,no final hold,361.1527708345365,False
ppo_mtr_motors,10033,True,success,False,10.000000000000163,2.0825232193188885,0.48621823825912414,0.17501531714649013,0.5000000000000003,1.439999999999983,5.165913471666014,357.509902039035,351.4778632968534,ppo_track,False,no final hold,358.47958898397894,False
ppo_mtr_motors,10034,True,success,False,10.000000000000163,1.6993892886284734,0.19541708087977458,0.17470837016862964,0.4800000000000003,2.819999999999954,6.054514098959104,359.9816921882743,351.88405776562433,ppo_track,False,no final hold,361.2004319028014,False
ppo_mtr_motors,10035,True,success,False,10.000000000000163,4.5356986411792715,1.0040576326426287,0.20148369990756254,0.4800000000000003,4.259999999999923,5.7957746748533845,354.42512494362916,352.65795312917413,ppo_track,False,no final hold,355.53171576462216,False
ppo_mtr_motors,10036,True,success,False,10.000000000000163,3.4759293985463535,0.8651248437457668,0.2121690343852702,0.4800000000000003,0.8999999999999947,5.995743087420526,361.43183792589633,351.52402476653896,ppo_track,False,no final hold,362.5697156366232,False
ppo_mtr_motors,10037,True,success,False,10.000000000000163,0.6686112106610173,0.5511999950845953,0.17529629625246623,0.4800000000000003,2.299999999999965,5.940678580697535,358.04835497249985,352.35271150960904,ppo_track,False,no final hold,359.5681354663984,False
ppo_mtr_motors,10038,True,success,False,10.000000000000163,6.388395862459978,0.3699459301171998,0.19954424636659454,0.4800000000000003,2.4599999999999618,5.456869191831591,365.7874849331133,352.0839156108314,ppo_track,False,no final hold,366.3693382800884,False
ppo_mtr_motors,10039,True,success,False,10.000000000000163,1.11817418271889,0.04163410448977349,0.17696218387327986,0.5000000000000003,0.8999999999999947,5.73991070732273,359.73373242124086,351.8801719288601,ppo_track,False,no final hold,361.1173554155817,False
ppo_mtr_motors,10040,True,success,False,10.000000000000163,1.6225233583162026,0.5579833227553359,0.20895019769725906,0.5000000000000003,1.259999999999987,6.45751436657162,358.3498337752874,351.61032993821345,ppo_track,False,no final hold,359.91973069545014,False
ppo_mtr_motors,10041,True,success,False,10.000000000000163,0.5213495425219791,0.5910266478267071,0.1779700979963856,0.4800000000000003,1.4999999999999818,5.745110664045878,358.4889635531976,351.61873769837246,ppo_track,False,no final hold,359.6266825868946,False
ppo_mtr_motors,10042,True,success,False,10.000000000000163,1.269002715428606,0.551029284855579,0.17105404852257253,0.4800000000000003,2.7999999999999545,5.671094346144817,359.6054808703539,352.02141470807925,ppo_track,False,no final hold,361.1265647571771,False
ppo_mtr_motors,10043,True,success,False,10.000000000000163,2.9013582012384096,0.5231888505758233,0.1861156071479681,0.5000000000000003,1.6399999999999793,5.361480237058736,360.02815031436955,352.2845028073877,ppo_track,False,no final hold,361.0288846060002,False
ppo_mtr_motors,10044,True,success,False,10.000000000000163,1.984206277120397,0.3776552916758236,0.21955706255463645,0.4800000000000003,0.7999999999999968,5.2471793897348835,360.5850757933375,352.66133017240765,ppo_track,False,no final hold,361.97879746138216,False
ppo_mtr_motors,10045,True,success,False,10.000000000000163,2.326446190544947,0.4443831176080758,0.19623571933183662,0.5000000000000003,2.3199999999999648,6.122427338473433,360.42096835722623,352.57766774969286,ppo_track,False,no final hold,362.15419668671336,False
ppo_mtr_motors,10046,True,success,False,10.000000000000163,3.2214991675306,0.2225788039168471,0.228079701862843,0.4800000000000003,1.5199999999999814,5.4012153298754635,361.58378130224315,352.94190733085946,ppo_track,False,no final hold,362.9375296115813,False
ppo_mtr_motors,10047,True,success,False,10.000000000000163,3.357966464369384,0.6741105244799953,0.1739987158804112,0.5000000000000003,1.2399999999999873,5.664206152286847,356.273133672341,351.5306550495772,ppo_track,False,no final hold,357.28382085442735,False
ppo_mtr_motors,10048,True,success,False,10.000000000000163,5.564677514465358,0.5847824309092539,0.16710914253168604,0.5000000000000003,2.6199999999999584,5.55330088812327,353.3967702600399,351.6015494343027,ppo_track,False,no final hold,354.53204205133756,False
ppo_mtr_motors,10049,True,success,False,10.000000000000163,1.6593413670708863,0.49281025083746227,0.18526561509329229,0.4800000000000003,1.4999999999999818,5.639445689311898,361.0330642335858,351.61261732793093,ppo_track,True,success,361.588669562624,False
